[{"model": "admin.logentry", "pk": 1, "fields": {"action_time": "2023-07-30T18:50:38.715Z", "user": 4, "content_type": 11, "object_id": "3", "object_repr": "mytest2", "action_flag": 3, "change_message": ""}}, {"model": "admin.logentry", "pk": 2, "fields": {"action_time": "2023-07-30T18:50:38.724Z", "user": 4, "content_type": 11, "object_id": "2", "object_repr": "mytest1", "action_flag": 3, "change_message": ""}}, {"model": "admin.logentry", "pk": 3, "fields": {"action_time": "2023-07-30T18:50:38.729Z", "user": 4, "content_type": 11, "object_id": "1", "object_repr": "mytest", "action_flag": 3, "change_message": ""}}, {"model": "admin.logentry", "pk": 4, "fields": {"action_time": "2023-07-31T07:41:30.446Z", "user": 19, "content_type": 11, "object_id": "9", "object_repr": "Ahmed (Ahmed)", "action_flag": 2, "change_message": "[{\"changed\": {\"fields\": [\"\\u0418\\u0437\\u043e\\u0431\\u0440\\u0430\\u0436\\u0435\\u043d\\u0438\\u0435\"]}}]"}}, {"model": "admin.logentry", "pk": 5, "fields": {"action_time": "2023-07-31T07:44:13.723Z", "user": 19, "content_type": 11, "object_id": "9", "object_repr": "Ahmed (Ahmed)", "action_flag": 2, "change_message": "[{\"changed\": {\"fields\": [\"\\u0421\\u0442\\u0440\\u0430\\u043d\\u0430\"]}}, {\"added\": {\"name\": \"\\u041f\\u043e\\u043b\\u044c\\u0437\\u043e\\u0432\\u0430\\u0442\\u0435\\u043b\\u044c -> \\u0440\\u043e\\u0434\\u043d\\u043e\\u0439 \\u044f\\u0437\\u044b\\u043a\", \"object\": \"Arabic (\\u0627\\u0644\\u0639\\u0631\\u0628\\u064a\\u0651\\u0629) \\u044f\\u0432\\u043b\\u044f\\u0435\\u0442\\u0441\\u044f \\u0440\\u043e\\u0434\\u043d\\u044b\\u043c \\u0434\\u043b\\u044f Ahmed (Ahmed)\"}}, {\"added\": {\"name\": \"\\u041f\\u043e\\u043b\\u044c\\u0437\\u043e\\u0432\\u0430\\u0442\\u0435\\u043b\\u044c -> \\u0440\\u043e\\u0434\\u043d\\u043e\\u0439 \\u044f\\u0437\\u044b\\u043a\", \"object\": \"English (English) \\u044f\\u0432\\u043b\\u044f\\u0435\\u0442\\u0441\\u044f \\u0440\\u043e\\u0434\\u043d\\u044b\\u043c \\u0434\\u043b\\u044f Ahmed (Ahmed)\"}}, {\"added\": {\"name\": \"\\u041f\\u043e\\u043b\\u044c\\u0437\\u043e\\u0432\\u0430\\u0442\\u0435\\u043b\\u044c -> \\u0438\\u0437\\u0443\\u0447\\u0430\\u0435\\u043c\\u044b\\u0439 \\u044f\\u0437\\u044b\\u043a\", \"object\": \"Ahmed (Ahmed) \\u0438\\u0437\\u0443\\u0447\\u0430\\u0435\\u0442 Russian (\\u0420\\u0443\\u0441\\u0441\\u043a\\u0438\\u0439)\"}}]"}}, {"model": "admin.logentry", "pk": 6, "fields": {"action_time": "2023-07-31T07:48:11.889Z", "user": 19, "content_type": 11, "object_id": "3", "object_repr": "Jay (Jay)", "action_flag": 2, "change_message": "[{\"changed\": {\"fields\": [\"\\u0421\\u0442\\u0440\\u0430\\u043d\\u0430\", \"\\u0418\\u0437\\u043e\\u0431\\u0440\\u0430\\u0436\\u0435\\u043d\\u0438\\u0435\"]}}, {\"added\": {\"name\": \"\\u041f\\u043e\\u043b\\u044c\\u0437\\u043e\\u0432\\u0430\\u0442\\u0435\\u043b\\u044c -> \\u0440\\u043e\\u0434\\u043d\\u043e\\u0439 \\u044f\\u0437\\u044b\\u043a\", \"object\": \"English (English) \\u044f\\u0432\\u043b\\u044f\\u0435\\u0442\\u0441\\u044f \\u0440\\u043e\\u0434\\u043d\\u044b\\u043c \\u0434\\u043b\\u044f Jay (Jay)\"}}, {\"added\": {\"name\": \"\\u041f\\u043e\\u043b\\u044c\\u0437\\u043e\\u0432\\u0430\\u0442\\u0435\\u043b\\u044c -> \\u0438\\u0437\\u0443\\u0447\\u0430\\u0435\\u043c\\u044b\\u0439 \\u044f\\u0437\\u044b\\u043a\", \"object\": \"Jay (Jay) \\u0438\\u0437\\u0443\\u0447\\u0430\\u0435\\u0442 Russian (\\u0420\\u0443\\u0441\\u0441\\u043a\\u0438\\u0439)\"}}]"}}, {"model": "admin.logentry", "pk": 7, "fields": {"action_time": "2023-07-31T07:55:23.904Z", "user": 19, "content_type": 11, "object_id": "3", "object_repr": "Jay (Jay)", "action_flag": 2, "change_message": "[{\"added\": {\"name\": \"\\u041f\\u043e\\u043b\\u044c\\u0437\\u043e\\u0432\\u0430\\u0442\\u0435\\u043b\\u044c -> \\u0440\\u043e\\u0434\\u043d\\u043e\\u0439 \\u044f\\u0437\\u044b\\u043a\", \"object\": \"Japanese (\\u65e5\\u672c\\u8a9e) \\u044f\\u0432\\u043b\\u044f\\u0435\\u0442\\u0441\\u044f \\u0440\\u043e\\u0434\\u043d\\u044b\\u043c \\u0434\\u043b\\u044f Jay (Jay)\"}}]"}}, {"model": "admin.logentry", "pk": 8, "fields": {"action_time": "2023-07-31T07:59:29.688Z", "user": 19, "content_type": 11, "object_id": "1", "object_repr": "Dyah (Dyah)", "action_flag": 2, "change_message": "[{\"changed\": {\"fields\": [\"\\u0421\\u0442\\u0440\\u0430\\u043d\\u0430\"]}}, {\"added\": {\"name\": \"\\u041f\\u043e\\u043b\\u044c\\u0437\\u043e\\u0432\\u0430\\u0442\\u0435\\u043b\\u044c -> \\u0440\\u043e\\u0434\\u043d\\u043e\\u0439 \\u044f\\u0437\\u044b\\u043a\", \"object\": \"Indonesian (Bahasa Indonesia) \\u044f\\u0432\\u043b\\u044f\\u0435\\u0442\\u0441\\u044f \\u0440\\u043e\\u0434\\u043d\\u044b\\u043c \\u0434\\u043b\\u044f Dyah (Dyah)\"}}, {\"added\": {\"name\": \"\\u041f\\u043e\\u043b\\u044c\\u0437\\u043e\\u0432\\u0430\\u0442\\u0435\\u043b\\u044c -> \\u0440\\u043e\\u0434\\u043d\\u043e\\u0439 \\u044f\\u0437\\u044b\\u043a\", \"object\": \"English (English) \\u044f\\u0432\\u043b\\u044f\\u0435\\u0442\\u0441\\u044f \\u0440\\u043e\\u0434\\u043d\\u044b\\u043c \\u0434\\u043b\\u044f Dyah (Dyah)\"}}, {\"added\": {\"name\": \"\\u041f\\u043e\\u043b\\u044c\\u0437\\u043e\\u0432\\u0430\\u0442\\u0435\\u043b\\u044c -> \\u0438\\u0437\\u0443\\u0447\\u0430\\u0435\\u043c\\u044b\\u0439 \\u044f\\u0437\\u044b\\u043a\", \"object\": \"Dyah (Dyah) \\u0438\\u0437\\u0443\\u0447\\u0430\\u0435\\u0442 Russian (\\u0420\\u0443\\u0441\\u0441\\u043a\\u0438\\u0439)\"}}]"}}, {"model": "admin.logentry", "pk": 9, "fields": {"action_time": "2023-07-31T08:05:43.952Z", "user": 19, "content_type": 11, "object_id": "2", "object_repr": "Elek (Elek)", "action_flag": 2, "change_message": "[{\"changed\": {\"fields\": [\"\\u0421\\u0442\\u0440\\u0430\\u043d\\u0430\", \"\\u0418\\u0437\\u043e\\u0431\\u0440\\u0430\\u0436\\u0435\\u043d\\u0438\\u0435\"]}}, {\"added\": {\"name\": \"\\u041f\\u043e\\u043b\\u044c\\u0437\\u043e\\u0432\\u0430\\u0442\\u0435\\u043b\\u044c -> \\u0440\\u043e\\u0434\\u043d\\u043e\\u0439 \\u044f\\u0437\\u044b\\u043a\", \"object\": \"Turkish (T\\u00fcrk\\u00e7e) \\u044f\\u0432\\u043b\\u044f\\u0435\\u0442\\u0441\\u044f \\u0440\\u043e\\u0434\\u043d\\u044b\\u043c \\u0434\\u043b\\u044f Elek (Elek)\"}}, {\"added\": {\"name\": \"\\u041f\\u043e\\u043b\\u044c\\u0437\\u043e\\u0432\\u0430\\u0442\\u0435\\u043b\\u044c -> \\u0438\\u0437\\u0443\\u0447\\u0430\\u0435\\u043c\\u044b\\u0439 \\u044f\\u0437\\u044b\\u043a\", \"object\": \"Elek (Elek) \\u0438\\u0437\\u0443\\u0447\\u0430\\u0435\\u0442 Russian (\\u0420\\u0443\\u0441\\u0441\\u043a\\u0438\\u0439)\"}}]"}}, {"model": "admin.logentry", "pk": 10, "fields": {"action_time": "2023-07-31T08:11:00.143Z", "user": 19, "content_type": 11, "object_id": "4", "object_repr": "Andrew (Andrew)", "action_flag": 2, "change_message": "[{\"changed\": {\"fields\": [\"\\u0421\\u0442\\u0440\\u0430\\u043d\\u0430\", \"\\u041e \\u0441\\u0435\\u0431\\u0435\"]}}, {\"added\": {\"name\": \"\\u041f\\u043e\\u043b\\u044c\\u0437\\u043e\\u0432\\u0430\\u0442\\u0435\\u043b\\u044c -> \\u0440\\u043e\\u0434\\u043d\\u043e\\u0439 \\u044f\\u0437\\u044b\\u043a\", \"object\": \"Dutch (Nederlands) \\u044f\\u0432\\u043b\\u044f\\u0435\\u0442\\u0441\\u044f \\u0440\\u043e\\u0434\\u043d\\u044b\\u043c \\u0434\\u043b\\u044f Andrew (Andrew)\"}}, {\"added\": {\"name\": \"\\u041f\\u043e\\u043b\\u044c\\u0437\\u043e\\u0432\\u0430\\u0442\\u0435\\u043b\\u044c -> \\u0440\\u043e\\u0434\\u043d\\u043e\\u0439 \\u044f\\u0437\\u044b\\u043a\", \"object\": \"English (English) \\u044f\\u0432\\u043b\\u044f\\u0435\\u0442\\u0441\\u044f \\u0440\\u043e\\u0434\\u043d\\u044b\\u043c \\u0434\\u043b\\u044f Andrew (Andrew)\"}}, {\"added\": {\"name\": \"\\u041f\\u043e\\u043b\\u044c\\u0437\\u043e\\u0432\\u0430\\u0442\\u0435\\u043b\\u044c -> \\u0438\\u0437\\u0443\\u0447\\u0430\\u0435\\u043c\\u044b\\u0439 \\u044f\\u0437\\u044b\\u043a\", \"object\": \"Andrew (Andrew) \\u0438\\u0437\\u0443\\u0447\\u0430\\u0435\\u0442 Russian (\\u0420\\u0443\\u0441\\u0441\\u043a\\u0438\\u0439)\"}}, {\"added\": {\"name\": \"\\u041f\\u043e\\u043b\\u044c\\u0437\\u043e\\u0432\\u0430\\u0442\\u0435\\u043b\\u044c -> \\u0438\\u0437\\u0443\\u0447\\u0430\\u0435\\u043c\\u044b\\u0439 \\u044f\\u0437\\u044b\\u043a\", \"object\": \"Andrew (Andrew) \\u0438\\u0437\\u0443\\u0447\\u0430\\u0435\\u0442 Portuguese (Portugu\\u00eas)\"}}]"}}, {"model": "admin.logentry", "pk": 11, "fields": {"action_time": "2023-07-31T08:12:58.504Z", "user": 19, "content_type": 11, "object_id": "5", "object_repr": "Matey (Matey)", "action_flag": 2, "change_message": "[{\"changed\": {\"fields\": [\"\\u0421\\u0442\\u0440\\u0430\\u043d\\u0430\", \"\\u041e \\u0441\\u0435\\u0431\\u0435\"]}}, {\"added\": {\"name\": \"\\u041f\\u043e\\u043b\\u044c\\u0437\\u043e\\u0432\\u0430\\u0442\\u0435\\u043b\\u044c -> \\u0440\\u043e\\u0434\\u043d\\u043e\\u0439 \\u044f\\u0437\\u044b\\u043a\", \"object\": \"Romanian (Rom\\u00e2n\\u0103) \\u044f\\u0432\\u043b\\u044f\\u0435\\u0442\\u0441\\u044f \\u0440\\u043e\\u0434\\u043d\\u044b\\u043c \\u0434\\u043b\\u044f Matey (Matey)\"}}, {\"added\": {\"name\": \"\\u041f\\u043e\\u043b\\u044c\\u0437\\u043e\\u0432\\u0430\\u0442\\u0435\\u043b\\u044c -> \\u0438\\u0437\\u0443\\u0447\\u0430\\u0435\\u043c\\u044b\\u0439 \\u044f\\u0437\\u044b\\u043a\", \"object\": \"Matey (Matey) \\u0438\\u0437\\u0443\\u0447\\u0430\\u0435\\u0442 English (English)\"}}, {\"added\": {\"name\": \"\\u041f\\u043e\\u043b\\u044c\\u0437\\u043e\\u0432\\u0430\\u0442\\u0435\\u043b\\u044c -> \\u0438\\u0437\\u0443\\u0447\\u0430\\u0435\\u043c\\u044b\\u0439 \\u044f\\u0437\\u044b\\u043a\", \"object\": \"Matey (Matey) \\u0438\\u0437\\u0443\\u0447\\u0430\\u0435\\u0442 Russian (\\u0420\\u0443\\u0441\\u0441\\u043a\\u0438\\u0439)\"}}]"}}, {"model": "admin.logentry", "pk": 12, "fields": {"action_time": "2023-07-31T08:17:47.703Z", "user": 19, "content_type": 11, "object_id": "6", "object_repr": "Sheena (Sheena)", "action_flag": 2, "change_message": "[{\"changed\": {\"fields\": [\"\\u0421\\u0442\\u0440\\u0430\\u043d\\u0430\", \"\\u0418\\u0437\\u043e\\u0431\\u0440\\u0430\\u0436\\u0435\\u043d\\u0438\\u0435\", \"\\u041e \\u0441\\u0435\\u0431\\u0435\"]}}, {\"added\": {\"name\": \"\\u041f\\u043e\\u043b\\u044c\\u0437\\u043e\\u0432\\u0430\\u0442\\u0435\\u043b\\u044c -> \\u0440\\u043e\\u0434\\u043d\\u043e\\u0439 \\u044f\\u0437\\u044b\\u043a\", \"object\": \"Italian (italiano) \\u044f\\u0432\\u043b\\u044f\\u0435\\u0442\\u0441\\u044f \\u0440\\u043e\\u0434\\u043d\\u044b\\u043c \\u0434\\u043b\\u044f Sheena (Sheena)\"}}, {\"added\": {\"name\": \"\\u041f\\u043e\\u043b\\u044c\\u0437\\u043e\\u0432\\u0430\\u0442\\u0435\\u043b\\u044c -> \\u0438\\u0437\\u0443\\u0447\\u0430\\u0435\\u043c\\u044b\\u0439 \\u044f\\u0437\\u044b\\u043a\", \"object\": \"Sheena (Sheena) \\u0438\\u0437\\u0443\\u0447\\u0430\\u0435\\u0442 English (English)\"}}, {\"added\": {\"name\": \"\\u041f\\u043e\\u043b\\u044c\\u0437\\u043e\\u0432\\u0430\\u0442\\u0435\\u043b\\u044c -> \\u0438\\u0437\\u0443\\u0447\\u0430\\u0435\\u043c\\u044b\\u0439 \\u044f\\u0437\\u044b\\u043a\", \"object\": \"Sheena (Sheena) \\u0438\\u0437\\u0443\\u0447\\u0430\\u0435\\u0442 Russian (\\u0420\\u0443\\u0441\\u0441\\u043a\\u0438\\u0439)\"}}, {\"added\": {\"name\": \"\\u041f\\u043e\\u043b\\u044c\\u0437\\u043e\\u0432\\u0430\\u0442\\u0435\\u043b\\u044c -> \\u0438\\u0437\\u0443\\u0447\\u0430\\u0435\\u043c\\u044b\\u0439 \\u044f\\u0437\\u044b\\u043a\", \"object\": \"Sheena (Sheena) \\u0438\\u0437\\u0443\\u0447\\u0430\\u0435\\u0442 Spanish (espa\\u00f1ol)\"}}]"}}, {"model": "admin.logentry", "pk": 13, "fields": {"action_time": "2023-07-31T08:19:19.141Z", "user": 19, "content_type": 11, "object_id": "7", "object_repr": "Omar (Omar)", "action_flag": 2, "change_message": "[{\"changed\": {\"fields\": [\"\\u0421\\u0442\\u0440\\u0430\\u043d\\u0430\", \"\\u0418\\u0437\\u043e\\u0431\\u0440\\u0430\\u0436\\u0435\\u043d\\u0438\\u0435\"]}}, {\"added\": {\"name\": \"\\u041f\\u043e\\u043b\\u044c\\u0437\\u043e\\u0432\\u0430\\u0442\\u0435\\u043b\\u044c -> \\u0440\\u043e\\u0434\\u043d\\u043e\\u0439 \\u044f\\u0437\\u044b\\u043a\", \"object\": \"Arabic (\\u0627\\u0644\\u0639\\u0631\\u0628\\u064a\\u0651\\u0629) \\u044f\\u0432\\u043b\\u044f\\u0435\\u0442\\u0441\\u044f \\u0440\\u043e\\u0434\\u043d\\u044b\\u043c \\u0434\\u043b\\u044f Omar (Omar)\"}}, {\"added\": {\"name\": \"\\u041f\\u043e\\u043b\\u044c\\u0437\\u043e\\u0432\\u0430\\u0442\\u0435\\u043b\\u044c -> \\u0438\\u0437\\u0443\\u0447\\u0430\\u0435\\u043c\\u044b\\u0439 \\u044f\\u0437\\u044b\\u043a\", \"object\": \"Omar (Omar) \\u0438\\u0437\\u0443\\u0447\\u0430\\u0435\\u0442 English (English)\"}}, {\"added\": {\"name\": \"\\u041f\\u043e\\u043b\\u044c\\u0437\\u043e\\u0432\\u0430\\u0442\\u0435\\u043b\\u044c -> \\u0438\\u0437\\u0443\\u0447\\u0430\\u0435\\u043c\\u044b\\u0439 \\u044f\\u0437\\u044b\\u043a\", \"object\": \"Omar (Omar) \\u0438\\u0437\\u0443\\u0447\\u0430\\u0435\\u0442 Russian (\\u0420\\u0443\\u0441\\u0441\\u043a\\u0438\\u0439)\"}}]"}}, {"model": "admin.logentry", "pk": 14, "fields": {"action_time": "2023-07-31T08:22:07.592Z", "user": 19, "content_type": 11, "object_id": "8", "object_repr": "Iorrain (Iorrain)", "action_flag": 2, "change_message": "[{\"changed\": {\"fields\": [\"\\u0421\\u0442\\u0440\\u0430\\u043d\\u0430\", \"\\u0418\\u0437\\u043e\\u0431\\u0440\\u0430\\u0436\\u0435\\u043d\\u0438\\u0435\", \"\\u041e \\u0441\\u0435\\u0431\\u0435\"]}}, {\"added\": {\"name\": \"\\u041f\\u043e\\u043b\\u044c\\u0437\\u043e\\u0432\\u0430\\u0442\\u0435\\u043b\\u044c -> \\u0440\\u043e\\u0434\\u043d\\u043e\\u0439 \\u044f\\u0437\\u044b\\u043a\", \"object\": \"English (English) \\u044f\\u0432\\u043b\\u044f\\u0435\\u0442\\u0441\\u044f \\u0440\\u043e\\u0434\\u043d\\u044b\\u043c \\u0434\\u043b\\u044f Iorrain (Iorrain)\"}}, {\"added\": {\"name\": \"\\u041f\\u043e\\u043b\\u044c\\u0437\\u043e\\u0432\\u0430\\u0442\\u0435\\u043b\\u044c -> \\u0438\\u0437\\u0443\\u0447\\u0430\\u0435\\u043c\\u044b\\u0439 \\u044f\\u0437\\u044b\\u043a\", \"object\": \"Iorrain (Iorrain) \\u0438\\u0437\\u0443\\u0447\\u0430\\u0435\\u0442 Russian (\\u0420\\u0443\\u0441\\u0441\\u043a\\u0438\\u0439)\"}}, {\"added\": {\"name\": \"\\u041f\\u043e\\u043b\\u044c\\u0437\\u043e\\u0432\\u0430\\u0442\\u0435\\u043b\\u044c -> \\u0438\\u0437\\u0443\\u0447\\u0430\\u0435\\u043c\\u044b\\u0439 \\u044f\\u0437\\u044b\\u043a\", \"object\": \"Iorrain (Iorrain) \\u0438\\u0437\\u0443\\u0447\\u0430\\u0435\\u0442 Japanese (\\u65e5\\u672c\\u8a9e)\"}}]"}}, {"model": "admin.logentry", "pk": 15, "fields": {"action_time": "2023-07-31T08:25:26.567Z", "user": 19, "content_type": 11, "object_id": "10", "object_repr": "Daniel (Daniel)", "action_flag": 2, "change_message": "[{\"changed\": {\"fields\": [\"\\u0421\\u0442\\u0440\\u0430\\u043d\\u0430\", \"\\u041e \\u0441\\u0435\\u0431\\u0435\"]}}, {\"added\": {\"name\": \"\\u041f\\u043e\\u043b\\u044c\\u0437\\u043e\\u0432\\u0430\\u0442\\u0435\\u043b\\u044c -> \\u0440\\u043e\\u0434\\u043d\\u043e\\u0439 \\u044f\\u0437\\u044b\\u043a\", \"object\": \"Spanish (espa\\u00f1ol) \\u044f\\u0432\\u043b\\u044f\\u0435\\u0442\\u0441\\u044f \\u0440\\u043e\\u0434\\u043d\\u044b\\u043c \\u0434\\u043b\\u044f Daniel (Daniel)\"}}, {\"added\": {\"name\": \"\\u041f\\u043e\\u043b\\u044c\\u0437\\u043e\\u0432\\u0430\\u0442\\u0435\\u043b\\u044c -> \\u0438\\u0437\\u0443\\u0447\\u0430\\u0435\\u043c\\u044b\\u0439 \\u044f\\u0437\\u044b\\u043a\", \"object\": \"Daniel (Daniel) \\u0438\\u0437\\u0443\\u0447\\u0430\\u0435\\u0442 English (English)\"}}, {\"added\": {\"name\": \"\\u041f\\u043e\\u043b\\u044c\\u0437\\u043e\\u0432\\u0430\\u0442\\u0435\\u043b\\u044c -> \\u0438\\u0437\\u0443\\u0447\\u0430\\u0435\\u043c\\u044b\\u0439 \\u044f\\u0437\\u044b\\u043a\", \"object\": \"Daniel (Daniel) \\u0438\\u0437\\u0443\\u0447\\u0430\\u0435\\u0442 Russian (\\u0420\\u0443\\u0441\\u0441\\u043a\\u0438\\u0439)\"}}]"}}, {"model": "admin.logentry", "pk": 16, "fields": {"action_time": "2023-07-31T08:28:10.043Z", "user": 19, "content_type": 11, "object_id": "11", "object_repr": "Sara (Sara)", "action_flag": 2, "change_message": "[{\"changed\": {\"fields\": [\"\\u0421\\u0442\\u0440\\u0430\\u043d\\u0430\", \"\\u0418\\u0437\\u043e\\u0431\\u0440\\u0430\\u0436\\u0435\\u043d\\u0438\\u0435\", \"\\u041e \\u0441\\u0435\\u0431\\u0435\"]}}, {\"added\": {\"name\": \"\\u041f\\u043e\\u043b\\u044c\\u0437\\u043e\\u0432\\u0430\\u0442\\u0435\\u043b\\u044c -> \\u0440\\u043e\\u0434\\u043d\\u043e\\u0439 \\u044f\\u0437\\u044b\\u043a\", \"object\": \"English (English) \\u044f\\u0432\\u043b\\u044f\\u0435\\u0442\\u0441\\u044f \\u0440\\u043e\\u0434\\u043d\\u044b\\u043c \\u0434\\u043b\\u044f Sara (Sara)\"}}, {\"added\": {\"name\": \"\\u041f\\u043e\\u043b\\u044c\\u0437\\u043e\\u0432\\u0430\\u0442\\u0435\\u043b\\u044c -> \\u0438\\u0437\\u0443\\u0447\\u0430\\u0435\\u043c\\u044b\\u0439 \\u044f\\u0437\\u044b\\u043a\", \"object\": \"Sara (Sara) \\u0438\\u0437\\u0443\\u0447\\u0430\\u0435\\u0442 Russian (\\u0420\\u0443\\u0441\\u0441\\u043a\\u0438\\u0439)\"}}]"}}, {"model": "admin.logentry", "pk": 17, "fields": {"action_time": "2023-07-31T08:29:19.463Z", "user": 19, "content_type": 11, "object_id": "12", "object_repr": "Chris (Chris)", "action_flag": 2, "change_message": "[{\"changed\": {\"fields\": [\"\\u0421\\u0442\\u0440\\u0430\\u043d\\u0430\", \"\\u0418\\u0437\\u043e\\u0431\\u0440\\u0430\\u0436\\u0435\\u043d\\u0438\\u0435\"]}}, {\"added\": {\"name\": \"\\u041f\\u043e\\u043b\\u044c\\u0437\\u043e\\u0432\\u0430\\u0442\\u0435\\u043b\\u044c -> \\u0440\\u043e\\u0434\\u043d\\u043e\\u0439 \\u044f\\u0437\\u044b\\u043a\", \"object\": \"German (Deutsch) \\u044f\\u0432\\u043b\\u044f\\u0435\\u0442\\u0441\\u044f \\u0440\\u043e\\u0434\\u043d\\u044b\\u043c \\u0434\\u043b\\u044f Chris (Chris)\"}}, {\"added\": {\"name\": \"\\u041f\\u043e\\u043b\\u044c\\u0437\\u043e\\u0432\\u0430\\u0442\\u0435\\u043b\\u044c -> \\u0440\\u043e\\u0434\\u043d\\u043e\\u0439 \\u044f\\u0437\\u044b\\u043a\", \"object\": \"English (English) \\u044f\\u0432\\u043b\\u044f\\u0435\\u0442\\u0441\\u044f \\u0440\\u043e\\u0434\\u043d\\u044b\\u043c \\u0434\\u043b\\u044f Chris (Chris)\"}}, {\"added\": {\"name\": \"\\u041f\\u043e\\u043b\\u044c\\u0437\\u043e\\u0432\\u0430\\u0442\\u0435\\u043b\\u044c -> \\u0438\\u0437\\u0443\\u0447\\u0430\\u0435\\u043c\\u044b\\u0439 \\u044f\\u0437\\u044b\\u043a\", \"object\": \"Chris (Chris) \\u0438\\u0437\\u0443\\u0447\\u0430\\u0435\\u0442 Russian (\\u0420\\u0443\\u0441\\u0441\\u043a\\u0438\\u0439)\"}}]"}}, {"model": "admin.logentry", "pk": 18, "fields": {"action_time": "2023-07-31T08:30:23.358Z", "user": 19, "content_type": 11, "object_id": "13", "object_repr": "Kadir (Kadir)", "action_flag": 2, "change_message": "[{\"changed\": {\"fields\": [\"\\u0421\\u0442\\u0440\\u0430\\u043d\\u0430\", \"\\u0418\\u0437\\u043e\\u0431\\u0440\\u0430\\u0436\\u0435\\u043d\\u0438\\u0435\"]}}, {\"added\": {\"name\": \"\\u041f\\u043e\\u043b\\u044c\\u0437\\u043e\\u0432\\u0430\\u0442\\u0435\\u043b\\u044c -> \\u0440\\u043e\\u0434\\u043d\\u043e\\u0439 \\u044f\\u0437\\u044b\\u043a\", \"object\": \"Turkish (T\\u00fcrk\\u00e7e) \\u044f\\u0432\\u043b\\u044f\\u0435\\u0442\\u0441\\u044f \\u0440\\u043e\\u0434\\u043d\\u044b\\u043c \\u0434\\u043b\\u044f Kadir (Kadir)\"}}, {\"added\": {\"name\": \"\\u041f\\u043e\\u043b\\u044c\\u0437\\u043e\\u0432\\u0430\\u0442\\u0435\\u043b\\u044c -> \\u0438\\u0437\\u0443\\u0447\\u0430\\u0435\\u043c\\u044b\\u0439 \\u044f\\u0437\\u044b\\u043a\", \"object\": \"Kadir (Kadir) \\u0438\\u0437\\u0443\\u0447\\u0430\\u0435\\u0442 English (English)\"}}, {\"added\": {\"name\": \"\\u041f\\u043e\\u043b\\u044c\\u0437\\u043e\\u0432\\u0430\\u0442\\u0435\\u043b\\u044c -> \\u0438\\u0437\\u0443\\u0447\\u0430\\u0435\\u043c\\u044b\\u0439 \\u044f\\u0437\\u044b\\u043a\", \"object\": \"Kadir (Kadir) \\u0438\\u0437\\u0443\\u0447\\u0430\\u0435\\u0442 Russian (\\u0420\\u0443\\u0441\\u0441\\u043a\\u0438\\u0439)\"}}]"}}, {"model": "admin.logentry", "pk": 19, "fields": {"action_time": "2023-07-31T08:31:42.218Z", "user": 19, "content_type": 11, "object_id": "14", "object_repr": "Josi (Josi)", "action_flag": 2, "change_message": "[{\"changed\": {\"fields\": [\"\\u0421\\u0442\\u0440\\u0430\\u043d\\u0430\", \"\\u0418\\u0437\\u043e\\u0431\\u0440\\u0430\\u0436\\u0435\\u043d\\u0438\\u0435\"]}}, {\"added\": {\"name\": \"\\u041f\\u043e\\u043b\\u044c\\u0437\\u043e\\u0432\\u0430\\u0442\\u0435\\u043b\\u044c -> \\u0440\\u043e\\u0434\\u043d\\u043e\\u0439 \\u044f\\u0437\\u044b\\u043a\", \"object\": \"German (Deutsch) \\u044f\\u0432\\u043b\\u044f\\u0435\\u0442\\u0441\\u044f \\u0440\\u043e\\u0434\\u043d\\u044b\\u043c \\u0434\\u043b\\u044f Josi (Josi)\"}}, {\"added\": {\"name\": \"\\u041f\\u043e\\u043b\\u044c\\u0437\\u043e\\u0432\\u0430\\u0442\\u0435\\u043b\\u044c -> \\u0438\\u0437\\u0443\\u0447\\u0430\\u0435\\u043c\\u044b\\u0439 \\u044f\\u0437\\u044b\\u043a\", \"object\": \"Josi (Josi) \\u0438\\u0437\\u0443\\u0447\\u0430\\u0435\\u0442 English (English)\"}}, {\"added\": {\"name\": \"\\u041f\\u043e\\u043b\\u044c\\u0437\\u043e\\u0432\\u0430\\u0442\\u0435\\u043b\\u044c -> \\u0438\\u0437\\u0443\\u0447\\u0430\\u0435\\u043c\\u044b\\u0439 \\u044f\\u0437\\u044b\\u043a\", \"object\": \"Josi (Josi) \\u0438\\u0437\\u0443\\u0447\\u0430\\u0435\\u0442 Russian (\\u0420\\u0443\\u0441\\u0441\\u043a\\u0438\\u0439)\"}}]"}}, {"model": "admin.logentry", "pk": 20, "fields": {"action_time": "2023-07-31T08:32:49.489Z", "user": 19, "content_type": 11, "object_id": "15", "object_repr": "Korren (Korren)", "action_flag": 2, "change_message": "[{\"changed\": {\"fields\": [\"\\u0421\\u0442\\u0440\\u0430\\u043d\\u0430\", \"\\u0418\\u0437\\u043e\\u0431\\u0440\\u0430\\u0436\\u0435\\u043d\\u0438\\u0435\", \"\\u041e \\u0441\\u0435\\u0431\\u0435\"]}}, {\"added\": {\"name\": \"\\u041f\\u043e\\u043b\\u044c\\u0437\\u043e\\u0432\\u0430\\u0442\\u0435\\u043b\\u044c -> \\u0440\\u043e\\u0434\\u043d\\u043e\\u0439 \\u044f\\u0437\\u044b\\u043a\", \"object\": \"English (English) \\u044f\\u0432\\u043b\\u044f\\u0435\\u0442\\u0441\\u044f \\u0440\\u043e\\u0434\\u043d\\u044b\\u043c \\u0434\\u043b\\u044f Korren (Korren)\"}}, {\"added\": {\"name\": \"\\u041f\\u043e\\u043b\\u044c\\u0437\\u043e\\u0432\\u0430\\u0442\\u0435\\u043b\\u044c -> \\u0438\\u0437\\u0443\\u0447\\u0430\\u0435\\u043c\\u044b\\u0439 \\u044f\\u0437\\u044b\\u043a\", \"object\": \"Korren (Korren) \\u0438\\u0437\\u0443\\u0447\\u0430\\u0435\\u0442 Russian (\\u0420\\u0443\\u0441\\u0441\\u043a\\u0438\\u0439)\"}}]"}}, {"model": "admin.logentry", "pk": 21, "fields": {"action_time": "2023-07-31T08:36:24.911Z", "user": 19, "content_type": 11, "object_id": "16", "object_repr": "Jiang (Jiang)", "action_flag": 2, "change_message": "[{\"changed\": {\"fields\": [\"\\u0421\\u0442\\u0440\\u0430\\u043d\\u0430\"]}}, {\"added\": {\"name\": \"\\u041f\\u043e\\u043b\\u044c\\u0437\\u043e\\u0432\\u0430\\u0442\\u0435\\u043b\\u044c -> \\u0440\\u043e\\u0434\\u043d\\u043e\\u0439 \\u044f\\u0437\\u044b\\u043a\", \"object\": \"English (English) \\u044f\\u0432\\u043b\\u044f\\u0435\\u0442\\u0441\\u044f \\u0440\\u043e\\u0434\\u043d\\u044b\\u043c \\u0434\\u043b\\u044f Jiang (Jiang)\"}}, {\"added\": {\"name\": \"\\u041f\\u043e\\u043b\\u044c\\u0437\\u043e\\u0432\\u0430\\u0442\\u0435\\u043b\\u044c -> \\u0438\\u0437\\u0443\\u0447\\u0430\\u0435\\u043c\\u044b\\u0439 \\u044f\\u0437\\u044b\\u043a\", \"object\": \"Jiang (Jiang) \\u0438\\u0437\\u0443\\u0447\\u0430\\u0435\\u0442 Japanese (\\u65e5\\u672c\\u8a9e)\"}}, {\"added\": {\"name\": \"\\u041f\\u043e\\u043b\\u044c\\u0437\\u043e\\u0432\\u0430\\u0442\\u0435\\u043b\\u044c -> \\u0438\\u0437\\u0443\\u0447\\u0430\\u0435\\u043c\\u044b\\u0439 \\u044f\\u0437\\u044b\\u043a\", \"object\": \"Jiang (Jiang) \\u0438\\u0437\\u0443\\u0447\\u0430\\u0435\\u0442 Russian (\\u0420\\u0443\\u0441\\u0441\\u043a\\u0438\\u0439)\"}}]"}}, {"model": "admin.logentry", "pk": 22, "fields": {"action_time": "2023-07-31T08:36:38.483Z", "user": 19, "content_type": 11, "object_id": "16", "object_repr": "Jiang (Jiang)", "action_flag": 2, "change_message": "[{\"changed\": {\"fields\": [\"\\u0418\\u0437\\u043e\\u0431\\u0440\\u0430\\u0436\\u0435\\u043d\\u0438\\u0435\"]}}]"}}, {"model": "admin.logentry", "pk": 23, "fields": {"action_time": "2023-07-31T08:38:20.663Z", "user": 19, "content_type": 11, "object_id": "17", "object_repr": "Pulkit (Pulkit1)", "action_flag": 2, "change_message": "[{\"changed\": {\"fields\": [\"\\u0421\\u0442\\u0440\\u0430\\u043d\\u0430\", \"\\u0418\\u0437\\u043e\\u0431\\u0440\\u0430\\u0436\\u0435\\u043d\\u0438\\u0435\"]}}, {\"added\": {\"name\": \"\\u041f\\u043e\\u043b\\u044c\\u0437\\u043e\\u0432\\u0430\\u0442\\u0435\\u043b\\u044c -> \\u0440\\u043e\\u0434\\u043d\\u043e\\u0439 \\u044f\\u0437\\u044b\\u043a\", \"object\": \"Hindi (\\u0939\\u093f\\u0902\\u0926\\u0940) \\u044f\\u0432\\u043b\\u044f\\u0435\\u0442\\u0441\\u044f \\u0440\\u043e\\u0434\\u043d\\u044b\\u043c \\u0434\\u043b\\u044f Pulkit (Pulkit1)\"}}, {\"added\": {\"name\": \"\\u041f\\u043e\\u043b\\u044c\\u0437\\u043e\\u0432\\u0430\\u0442\\u0435\\u043b\\u044c -> \\u0438\\u0437\\u0443\\u0447\\u0430\\u0435\\u043c\\u044b\\u0439 \\u044f\\u0437\\u044b\\u043a\", \"object\": \"Pulkit (Pulkit1) \\u0438\\u0437\\u0443\\u0447\\u0430\\u0435\\u0442 English (English)\"}}, {\"added\": {\"name\": \"\\u041f\\u043e\\u043b\\u044c\\u0437\\u043e\\u0432\\u0430\\u0442\\u0435\\u043b\\u044c -> \\u0438\\u0437\\u0443\\u0447\\u0430\\u0435\\u043c\\u044b\\u0439 \\u044f\\u0437\\u044b\\u043a\", \"object\": \"Pulkit (Pulkit1) \\u0438\\u0437\\u0443\\u0447\\u0430\\u0435\\u0442 Russian (\\u0420\\u0443\\u0441\\u0441\\u043a\\u0438\\u0439)\"}}]"}}, {"model": "admin.logentry", "pk": 24, "fields": {"action_time": "2023-07-31T08:40:37.336Z", "user": 19, "content_type": 11, "object_id": "18", "object_repr": "Pulkit (Pulkit2)", "action_flag": 2, "change_message": "[{\"changed\": {\"fields\": [\"\\u0421\\u0442\\u0440\\u0430\\u043d\\u0430\", \"\\u0418\\u0437\\u043e\\u0431\\u0440\\u0430\\u0436\\u0435\\u043d\\u0438\\u0435\"]}}, {\"added\": {\"name\": \"\\u041f\\u043e\\u043b\\u044c\\u0437\\u043e\\u0432\\u0430\\u0442\\u0435\\u043b\\u044c -> \\u0440\\u043e\\u0434\\u043d\\u043e\\u0439 \\u044f\\u0437\\u044b\\u043a\", \"object\": \"Thai (\\u0e20\\u0e32\\u0e29\\u0e32\\u0e44\\u0e17\\u0e22) \\u044f\\u0432\\u043b\\u044f\\u0435\\u0442\\u0441\\u044f \\u0440\\u043e\\u0434\\u043d\\u044b\\u043c \\u0434\\u043b\\u044f Pulkit (Pulkit2)\"}}, {\"added\": {\"name\": \"\\u041f\\u043e\\u043b\\u044c\\u0437\\u043e\\u0432\\u0430\\u0442\\u0435\\u043b\\u044c -> \\u0438\\u0437\\u0443\\u0447\\u0430\\u0435\\u043c\\u044b\\u0439 \\u044f\\u0437\\u044b\\u043a\", \"object\": \"Pulkit (Pulkit2) \\u0438\\u0437\\u0443\\u0447\\u0430\\u0435\\u0442 English (English)\"}}, {\"added\": {\"name\": \"\\u041f\\u043e\\u043b\\u044c\\u0437\\u043e\\u0432\\u0430\\u0442\\u0435\\u043b\\u044c -> \\u0438\\u0437\\u0443\\u0447\\u0430\\u0435\\u043c\\u044b\\u0439 \\u044f\\u0437\\u044b\\u043a\", \"object\": \"Pulkit (Pulkit2) \\u0438\\u0437\\u0443\\u0447\\u0430\\u0435\\u0442 Russian (\\u0420\\u0443\\u0441\\u0441\\u043a\\u0438\\u0439)\"}}]"}}, {"model": "admin.logentry", "pk": 25, "fields": {"action_time": "2023-07-31T08:40:51.563Z", "user": 19, "content_type": 11, "object_id": "1", "object_repr": "Dyah (Dyah)", "action_flag": 2, "change_message": "[{\"changed\": {\"fields\": [\"\\u0418\\u0437\\u043e\\u0431\\u0440\\u0430\\u0436\\u0435\\u043d\\u0438\\u0435\"]}}]"}}, {"model": "admin.logentry", "pk": 26, "fields": {"action_time": "2023-07-31T08:41:22.756Z", "user": 19, "content_type": 11, "object_id": "4", "object_repr": "Andrew (Andrew)", "action_flag": 2, "change_message": "[{\"changed\": {\"fields\": [\"\\u0418\\u0437\\u043e\\u0431\\u0440\\u0430\\u0436\\u0435\\u043d\\u0438\\u0435\"]}}]"}}, {"model": "admin.logentry", "pk": 27, "fields": {"action_time": "2023-07-31T08:41:33.080Z", "user": 19, "content_type": 11, "object_id": "5", "object_repr": "Matey (Matey)", "action_flag": 2, "change_message": "[{\"changed\": {\"fields\": [\"\\u0418\\u0437\\u043e\\u0431\\u0440\\u0430\\u0436\\u0435\\u043d\\u0438\\u0435\"]}}]"}}, {"model": "admin.logentry", "pk": 28, "fields": {"action_time": "2023-07-31T08:42:16.387Z", "user": 19, "content_type": 11, "object_id": "10", "object_repr": "Daniel (Daniel)", "action_flag": 2, "change_message": "[{\"changed\": {\"fields\": [\"\\u0418\\u0437\\u043e\\u0431\\u0440\\u0430\\u0436\\u0435\\u043d\\u0438\\u0435\"]}}]"}}, {"model": "admin.logentry", "pk": 29, "fields": {"action_time": "2023-07-31T08:49:26.724Z", "user": 19, "content_type": 13, "object_id": "64", "object_repr": "Russian (Русский)", "action_flag": 2, "change_message": "[{\"changed\": {\"fields\": [\"\\u041f\\u043e\\u0440\\u044f\\u0434\\u043e\\u043a \\u0441\\u043e\\u0440\\u0442\\u0438\\u0440\\u043e\\u0432\\u043a\\u0438\"]}}]"}}, {"model": "admin.logentry", "pk": 30, "fields": {"action_time": "2023-07-31T08:49:38.719Z", "user": 19, "content_type": 13, "object_id": "37", "object_repr": "Italian (italiano)", "action_flag": 2, "change_message": "[{\"changed\": {\"fields\": [\"\\u041f\\u043e\\u0440\\u044f\\u0434\\u043e\\u043a \\u0441\\u043e\\u0440\\u0442\\u0438\\u0440\\u043e\\u0432\\u043a\\u0438\"]}}]"}}, {"model": "admin.logentry", "pk": 31, "fields": {"action_time": "2023-07-31T08:49:48.124Z", "user": 19, "content_type": 13, "object_id": "15", "object_repr": "English (English)", "action_flag": 2, "change_message": "[{\"changed\": {\"fields\": [\"\\u041f\\u043e\\u0440\\u044f\\u0434\\u043e\\u043a \\u0441\\u043e\\u0440\\u0442\\u0438\\u0440\\u043e\\u0432\\u043a\\u0438\"]}}]"}}, {"model": "admin.logentry", "pk": 32, "fields": {"action_time": "2023-07-31T08:49:56.497Z", "user": 19, "content_type": 13, "object_id": "38", "object_repr": "Japanese (日本語)", "action_flag": 2, "change_message": "[{\"changed\": {\"fields\": [\"\\u041f\\u043e\\u0440\\u044f\\u0434\\u043e\\u043a \\u0441\\u043e\\u0440\\u0442\\u0438\\u0440\\u043e\\u0432\\u043a\\u0438\"]}}]"}}, {"model": "admin.logentry", "pk": 33, "fields": {"action_time": "2023-07-31T08:50:08.629Z", "user": 19, "content_type": 13, "object_id": "76", "object_repr": "Turkish (Türkçe)", "action_flag": 2, "change_message": "[{\"changed\": {\"fields\": [\"\\u041f\\u043e\\u0440\\u044f\\u0434\\u043e\\u043a \\u0441\\u043e\\u0440\\u0442\\u0438\\u0440\\u043e\\u0432\\u043a\\u0438\"]}}]"}}, {"model": "admin.logentry", "pk": 34, "fields": {"action_time": "2023-07-31T08:50:17.668Z", "user": 19, "content_type": 13, "object_id": "17", "object_repr": "Spanish (español)", "action_flag": 2, "change_message": "[{\"changed\": {\"fields\": [\"\\u041f\\u043e\\u0440\\u044f\\u0434\\u043e\\u043a \\u0441\\u043e\\u0440\\u0442\\u0438\\u0440\\u043e\\u0432\\u043a\\u0438\"]}}]"}}, {"model": "admin.logentry", "pk": 35, "fields": {"action_time": "2023-07-31T08:50:23.357Z", "user": 19, "content_type": 13, "object_id": "2", "object_repr": "Arabic (العربيّة)", "action_flag": 2, "change_message": "[{\"changed\": {\"fields\": [\"\\u041f\\u043e\\u0440\\u044f\\u0434\\u043e\\u043a \\u0441\\u043e\\u0440\\u0442\\u0438\\u0440\\u043e\\u0432\\u043a\\u0438\"]}}]"}}, {"model": "admin.logentry", "pk": 36, "fields": {"action_time": "2023-07-31T08:50:40.284Z", "user": 19, "content_type": 13, "object_id": "22", "object_repr": "French (français)", "action_flag": 2, "change_message": "[{\"changed\": {\"fields\": [\"\\u041f\\u043e\\u0440\\u044f\\u0434\\u043e\\u043a \\u0441\\u043e\\u0440\\u0442\\u0438\\u0440\\u043e\\u0432\\u043a\\u0438\"]}}]"}}, {"model": "admin.logentry", "pk": 37, "fields": {"action_time": "2023-07-31T08:50:50.440Z", "user": 19, "content_type": 13, "object_id": "56", "object_repr": "Dutch (Nederlands)", "action_flag": 2, "change_message": "[{\"changed\": {\"fields\": [\"\\u041f\\u043e\\u0440\\u044f\\u0434\\u043e\\u043a \\u0441\\u043e\\u0440\\u0442\\u0438\\u0440\\u043e\\u0432\\u043a\\u0438\"]}}]"}}, {"model": "admin.logentry", "pk": 38, "fields": {"action_time": "2023-07-31T08:51:05.517Z", "user": 19, "content_type": 13, "object_id": "13", "object_repr": "German (Deutsch)", "action_flag": 2, "change_message": "[{\"changed\": {\"fields\": [\"\\u041f\\u043e\\u0440\\u044f\\u0434\\u043e\\u043a \\u0441\\u043e\\u0440\\u0442\\u0438\\u0440\\u043e\\u0432\\u043a\\u0438\"]}}]"}}, {"model": "admin.logentry", "pk": 39, "fields": {"action_time": "2023-07-31T08:51:33.217Z", "user": 19, "content_type": 13, "object_id": "43", "object_repr": "Korean (한국어)", "action_flag": 2, "change_message": "[{\"changed\": {\"fields\": [\"\\u041f\\u043e\\u0440\\u044f\\u0434\\u043e\\u043a \\u0441\\u043e\\u0440\\u0442\\u0438\\u0440\\u043e\\u0432\\u043a\\u0438\"]}}]"}}, {"model": "admin.logentry", "pk": 40, "fields": {"action_time": "2023-07-31T08:51:52.808Z", "user": 19, "content_type": 13, "object_id": "63", "object_repr": "Romanian (Română)", "action_flag": 2, "change_message": "[{\"changed\": {\"fields\": [\"\\u041f\\u043e\\u0440\\u044f\\u0434\\u043e\\u043a \\u0441\\u043e\\u0440\\u0442\\u0438\\u0440\\u043e\\u0432\\u043a\\u0438\"]}}]"}}, {"model": "auth.permission", "pk": 1, "fields": {"name": "Can add log entry", "content_type": 1, "codename": "add_logentry"}}, {"model": "auth.permission", "pk": 2, "fields": {"name": "Can change log entry", "content_type": 1, "codename": "change_logentry"}}, {"model": "auth.permission", "pk": 3, "fields": {"name": "Can delete log entry", "content_type": 1, "codename": "delete_logentry"}}, {"model": "auth.permission", "pk": 4, "fields": {"name": "Can view log entry", "content_type": 1, "codename": "view_logentry"}}, {"model": "auth.permission", "pk": 5, "fields": {"name": "Can add permission", "content_type": 2, "codename": "add_permission"}}, {"model": "auth.permission", "pk": 6, "fields": {"name": "Can change permission", "content_type": 2, "codename": "change_permission"}}, {"model": "auth.permission", "pk": 7, "fields": {"name": "Can delete permission", "content_type": 2, "codename": "delete_permission"}}, {"model": "auth.permission", "pk": 8, "fields": {"name": "Can view permission", "content_type": 2, "codename": "view_permission"}}, {"model": "auth.permission", "pk": 9, "fields": {"name": "Can add group", "content_type": 3, "codename": "add_group"}}, {"model": "auth.permission", "pk": 10, "fields": {"name": "Can change group", "content_type": 3, "codename": "change_group"}}, {"model": "auth.permission", "pk": 11, "fields": {"name": "Can delete group", "content_type": 3, "codename": "delete_group"}}, {"model": "auth.permission", "pk": 12, "fields": {"name": "Can view group", "content_type": 3, "codename": "view_group"}}, {"model": "auth.permission", "pk": 13, "fields": {"name": "Can add content type", "content_type": 4, "codename": "add_contenttype"}}, {"model": "auth.permission", "pk": 14, "fields": {"name": "Can change content type", "content_type": 4, "codename": "change_contenttype"}}, {"model": "auth.permission", "pk": 15, "fields": {"name": "Can delete content type", "content_type": 4, "codename": "delete_contenttype"}}, {"model": "auth.permission", "pk": 16, "fields": {"name": "Can view content type", "content_type": 4, "codename": "view_contenttype"}}, {"model": "auth.permission", "pk": 17, "fields": {"name": "Can add session", "content_type": 5, "codename": "add_session"}}, {"model": "auth.permission", "pk": 18, "fields": {"name": "Can change session", "content_type": 5, "codename": "change_session"}}, {"model": "auth.permission", "pk": 19, "fields": {"name": "Can delete session", "content_type": 5, "codename": "delete_session"}}, {"model": "auth.permission", "pk": 20, "fields": {"name": "Can view session", "content_type": 5, "codename": "view_session"}}, {"model": "auth.permission", "pk": 21, "fields": {"name": "Can add Чат", "content_type": 6, "codename": "add_chat"}}, {"model": "auth.permission", "pk": 22, "fields": {"name": "Can change Чат", "content_type": 6, "codename": "change_chat"}}, {"model": "auth.permission", "pk": 23, "fields": {"name": "Can delete Чат", "content_type": 6, "codename": "delete_chat"}}, {"model": "auth.permission", "pk": 24, "fields": {"name": "Can view Чат", "content_type": 6, "codename": "view_chat"}}, {"model": "auth.permission", "pk": 25, "fields": {"name": "Can add Сообщение", "content_type": 7, "codename": "add_message"}}, {"model": "auth.permission", "pk": 26, "fields": {"name": "Can change Сообщение", "content_type": 7, "codename": "change_message"}}, {"model": "auth.permission", "pk": 27, "fields": {"name": "Can delete Сообщение", "content_type": 7, "codename": "delete_message"}}, {"model": "auth.permission", "pk": 28, "fields": {"name": "Can view Сообщение", "content_type": 7, "codename": "view_message"}}, {"model": "auth.permission", "pk": 29, "fields": {"name": "Can add Читатель сообщения", "content_type": 8, "codename": "add_messagereaders"}}, {"model": "auth.permission", "pk": 30, "fields": {"name": "Can change Читатель сообщения", "content_type": 8, "codename": "change_messagereaders"}}, {"model": "auth.permission", "pk": 31, "fields": {"name": "Can delete Читатель сообщения", "content_type": 8, "codename": "delete_messagereaders"}}, {"model": "auth.permission", "pk": 32, "fields": {"name": "Can view Читатель сообщения", "content_type": 8, "codename": "view_messagereaders"}}, {"model": "auth.permission", "pk": 33, "fields": {"name": "Can add Участник", "content_type": 9, "codename": "add_chatmembers"}}, {"model": "auth.permission", "pk": 34, "fields": {"name": "Can change Участник", "content_type": 9, "codename": "change_chatmembers"}}, {"model": "auth.permission", "pk": 35, "fields": {"name": "Can delete Участник", "content_type": 9, "codename": "delete_chatmembers"}}, {"model": "auth.permission", "pk": 36, "fields": {"name": "Can view Участник", "content_type": 9, "codename": "view_chatmembers"}}, {"model": "auth.permission", "pk": 37, "fields": {"name": "Can add Вложение", "content_type": 10, "codename": "add_attachment"}}, {"model": "auth.permission", "pk": 38, "fields": {"name": "Can change Вложение", "content_type": 10, "codename": "change_attachment"}}, {"model": "auth.permission", "pk": 39, "fields": {"name": "Can delete Вложение", "content_type": 10, "codename": "delete_attachment"}}, {"model": "auth.permission", "pk": 40, "fields": {"name": "Can view Вложение", "content_type": 10, "codename": "view_attachment"}}, {"model": "auth.permission", "pk": 41, "fields": {"name": "Can add Пользователь", "content_type": 11, "codename": "add_user"}}, {"model": "auth.permission", "pk": 42, "fields": {"name": "Can change Пользователь", "content_type": 11, "codename": "change_user"}}, {"model": "auth.permission", "pk": 43, "fields": {"name": "Can delete Пользователь", "content_type": 11, "codename": "delete_user"}}, {"model": "auth.permission", "pk": 44, "fields": {"name": "Can view Пользователь", "content_type": 11, "codename": "view_user"}}, {"model": "auth.permission", "pk": 45, "fields": {"name": "Can add Страна", "content_type": 12, "codename": "add_country"}}, {"model": "auth.permission", "pk": 46, "fields": {"name": "Can change Страна", "content_type": 12, "codename": "change_country"}}, {"model": "auth.permission", "pk": 47, "fields": {"name": "Can delete Страна", "content_type": 12, "codename": "delete_country"}}, {"model": "auth.permission", "pk": 48, "fields": {"name": "Can view Страна", "content_type": 12, "codename": "view_country"}}, {"model": "auth.permission", "pk": 49, "fields": {"name": "Can add Язык", "content_type": 13, "codename": "add_language"}}, {"model": "auth.permission", "pk": 50, "fields": {"name": "Can change Язык", "content_type": 13, "codename": "change_language"}}, {"model": "auth.permission", "pk": 51, "fields": {"name": "Can delete Язык", "content_type": 13, "codename": "delete_language"}}, {"model": "auth.permission", "pk": 52, "fields": {"name": "Can view Язык", "content_type": 13, "codename": "view_language"}}, {"model": "auth.permission", "pk": 53, "fields": {"name": "Can add Пользователь -> родной язык", "content_type": 14, "codename": "add_usernativelanguage"}}, {"model": "auth.permission", "pk": 54, "fields": {"name": "Can change Пользователь -> родной язык", "content_type": 14, "codename": "change_usernativelanguage"}}, {"model": "auth.permission", "pk": 55, "fields": {"name": "Can delete Пользователь -> родной язык", "content_type": 14, "codename": "delete_usernativelanguage"}}, {"model": "auth.permission", "pk": 56, "fields": {"name": "Can view Пользователь -> родной язык", "content_type": 14, "codename": "view_usernativelanguage"}}, {"model": "auth.permission", "pk": 57, "fields": {"name": "Can add Пользователь -> изучаемый язык", "content_type": 15, "codename": "add_userforeignlanguage"}}, {"model": "auth.permission", "pk": 58, "fields": {"name": "Can change Пользователь -> изучаемый язык", "content_type": 15, "codename": "change_userforeignlanguage"}}, {"model": "auth.permission", "pk": 59, "fields": {"name": "Can delete Пользователь -> изучаемый язык", "content_type": 15, "codename": "delete_userforeignlanguage"}}, {"model": "auth.permission", "pk": 60, "fields": {"name": "Can view Пользователь -> изучаемый язык", "content_type": 15, "codename": "view_userforeignlanguage"}}, {"model": "contenttypes.contenttype", "pk": 1, "fields": {"app_label": "admin", "model": "logentry"}}, {"model": "contenttypes.contenttype", "pk": 2, "fields": {"app_label": "auth", "model": "permission"}}, {"model": "contenttypes.contenttype", "pk": 3, "fields": {"app_label": "auth", "model": "group"}}, {"model": "contenttypes.contenttype", "pk": 4, "fields": {"app_label": "contenttypes", "model": "contenttype"}}, {"model": "contenttypes.contenttype", "pk": 5, "fields": {"app_label": "sessions", "model": "session"}}, {"model": "contenttypes.contenttype", "pk": 6, "fields": {"app_label": "chats", "model": "chat"}}, {"model": "contenttypes.contenttype", "pk": 7, "fields": {"app_label": "chats", "model": "message"}}, {"model": "contenttypes.contenttype", "pk": 8, "fields": {"app_label": "chats", "model": "messagereaders"}}, {"model": "contenttypes.contenttype", "pk": 9, "fields": {"app_label": "chats", "model": "chatmembers"}}, {"model": "contenttypes.contenttype", "pk": 10, "fields": {"app_label": "chats", "model": "attachment"}}, {"model": "contenttypes.contenttype", "pk": 11, "fields": {"app_label": "users", "model": "user"}}, {"model": "contenttypes.contenttype", "pk": 12, "fields": {"app_label": "users", "model": "country"}}, {"model": "contenttypes.contenttype", "pk": 13, "fields": {"app_label": "users", "model": "language"}}, {"model": "contenttypes.contenttype", "pk": 14, "fields": {"app_label": "users", "model": "usernativelanguage"}}, {"model": "contenttypes.contenttype", "pk": 15, "fields": {"app_label": "users", "model": "userforeignlanguage"}}, {"model": "sessions.session", "pk": "3ke11agz0uih06j4zb23wsm0d4xf73vq", "fields": {"session_data": ".eJxVjDsOwjAQBe_iGlnxFy8lfc5grb1rHECOFCcV4u4QKQW0b2beS0Tc1hq3zkucSFyEAnH6HRPmB7ed0B3bbZZ5busyJbkr8qBdjjPx83q4fwcVe_3WgJp4MBB8COghB4t-KOiS0Rat06SBvaFkEpQzMWgXFGajkAwXm0i8PwUtOHM:1qQNIy:R65ouDxQXGX0NOIhvP1XLBsOWuTn_R-EPC-QNvnwA1s", "expire_date": "2023-08-14T07:27:00.232Z"}}, {"model": "users.country", "pk": 1, "fields": {"name": "Abkhazia", "code": "abkhazia", "flag_icon": "icons/countries//abkhazia.svg"}}, {"model": "users.country", "pk": 2, "fields": {"name": "Afghanistan", "code": "af", "flag_icon": "icons/countries//af.svg"}}, {"model": "users.country", "pk": 3, "fields": {"name": "Åland islands", "code": "ax", "flag_icon": "icons/countries//ax.svg"}}, {"model": "users.country", "pk": 4, "fields": {"name": "Albania", "code": "al", "flag_icon": "icons/countries//al.svg"}}, {"model": "users.country", "pk": 5, "fields": {"name": "Algeria", "code": "dz", "flag_icon": "icons/countries//dz.svg"}}, {"model": "users.country", "pk": 6, "fields": {"name": "American samoa", "code": "as", "flag_icon": "icons/countries//as.svg"}}, {"model": "users.country", "pk": 7, "fields": {"name": "Andorra", "code": "ad", "flag_icon": "icons/countries//ad.svg"}}, {"model": "users.country", "pk": 8, "fields": {"name": "Angola", "code": "ao", "flag_icon": "icons/countries//ao.svg"}}, {"model": "users.country", "pk": 9, "fields": {"name": "Anguilla", "code": "ai", "flag_icon": "icons/countries//ai.svg"}}, {"model": "users.country", "pk": 10, "fields": {"name": "Antigua and barbuda", "code": "ag", "flag_icon": "icons/countries//ag.svg"}}, {"model": "users.country", "pk": 11, "fields": {"name": "Argentina", "code": "ar", "flag_icon": "icons/countries//ar.svg"}}, {"model": "users.country", "pk": 12, "fields": {"name": "Armenia", "code": "am", "flag_icon": "icons/countries//am.svg"}}, {"model": "users.country", "pk": 13, "fields": {"name": "Aruba", "code": "aw", "flag_icon": "icons/countries//aw.svg"}}, {"model": "users.country", "pk": 14, "fields": {"name": "Australia", "code": "au", "flag_icon": "icons/countries//au.svg"}}, {"model": "users.country", "pk": 15, "fields": {"name": "Austria", "code": "at", "flag_icon": "icons/countries//at.svg"}}, {"model": "users.country", "pk": 16, "fields": {"name": "Azerbaijan", "code": "az", "flag_icon": "icons/countries//az.svg"}}, {"model": "users.country", "pk": 17, "fields": {"name": "Azores islands", "code": "azores-islands", "flag_icon": "icons/countries//azores-islands.svg"}}, {"model": "users.country", "pk": 18, "fields": {"name": "Bahamas", "code": "bs", "flag_icon": "icons/countries//bs.svg"}}, {"model": "users.country", "pk": 19, "fields": {"name": "Bahrain", "code": "bh", "flag_icon": "icons/countries//bh.svg"}}, {"model": "users.country", "pk": 20, "fields": {"name": "Bangladesh", "code": "bd", "flag_icon": "icons/countries//bd.svg"}}, {"model": "users.country", "pk": 21, "fields": {"name": "Barbados", "code": "bb", "flag_icon": "icons/countries//bb.svg"}}, {"model": "users.country", "pk": 22, "fields": {"name": "Belarus", "code": "by", "flag_icon": "icons/countries//by.svg"}}, {"model": "users.country", "pk": 23, "fields": {"name": "Belgium", "code": "be", "flag_icon": "icons/countries//be.svg"}}, {"model": "users.country", "pk": 24, "fields": {"name": "Belize", "code": "bz", "flag_icon": "icons/countries//bz.svg"}}, {"model": "users.country", "pk": 25, "fields": {"name": "Benin", "code": "bj", "flag_icon": "icons/countries//bj.svg"}}, {"model": "users.country", "pk": 26, "fields": {"name": "Bermuda", "code": "bm", "flag_icon": "icons/countries//bm.svg"}}, {"model": "users.country", "pk": 27, "fields": {"name": "Bhutan", "code": "bt", "flag_icon": "icons/countries//bt.svg"}}, {"model": "users.country", "pk": 28, "fields": {"name": "Bolivia, plurinational state of", "code": "bo", "flag_icon": "icons/countries//bo.svg"}}, {"model": "users.country", "pk": 29, "fields": {"name": "Bonaire, sint eustatius and saba", "code": "bq", "flag_icon": "icons/countries//bq.svg"}}, {"model": "users.country", "pk": 30, "fields": {"name": "Bosnia and herzegovina", "code": "ba", "flag_icon": "icons/countries//ba.svg"}}, {"model": "users.country", "pk": 31, "fields": {"name": "Botswana", "code": "bw", "flag_icon": "icons/countries//bw.svg"}}, {"model": "users.country", "pk": 32, "fields": {"name": "Brazil", "code": "br", "flag_icon": "icons/countries//br.svg"}}, {"model": "users.country", "pk": 33, "fields": {"name": "British indian ocean territory", "code": "io", "flag_icon": "icons/countries//io.svg"}}, {"model": "users.country", "pk": 34, "fields": {"name": "Brunei darussalam", "code": "bn", "flag_icon": "icons/countries//bn.svg"}}, {"model": "users.country", "pk": 35, "fields": {"name": "Bulgaria", "code": "bg", "flag_icon": "icons/countries//bg.svg"}}, {"model": "users.country", "pk": 36, "fields": {"name": "Burkina faso", "code": "bf", "flag_icon": "icons/countries//bf.svg"}}, {"model": "users.country", "pk": 37, "fields": {"name": "Burundi", "code": "bi", "flag_icon": "icons/countries//bi.svg"}}, {"model": "users.country", "pk": 38, "fields": {"name": "Balearic islands", "code": "balearic-islands", "flag_icon": "icons/countries//balearic-islands.svg"}}, {"model": "users.country", "pk": 39, "fields": {"name": "Basque country", "code": "basque-country", "flag_icon": "icons/countries//basque-country.svg"}}, {"model": "users.country", "pk": 40, "fields": {"name": "British columbia", "code": "british-columbia", "flag_icon": "icons/countries//british-columbia.svg"}}, {"model": "users.country", "pk": 41, "fields": {"name": "Cambodia", "code": "kh", "flag_icon": "icons/countries//kh.svg"}}, {"model": "users.country", "pk": 42, "fields": {"name": "Cameroon", "code": "cm", "flag_icon": "icons/countries//cm.svg"}}, {"model": "users.country", "pk": 43, "fields": {"name": "Canada", "code": "ca", "flag_icon": "icons/countries//ca.svg"}}, {"model": "users.country", "pk": 44, "fields": {"name": "Cape verde", "code": "cv", "flag_icon": "icons/countries//cv.svg"}}, {"model": "users.country", "pk": 45, "fields": {"name": "Cayman islands", "code": "ky", "flag_icon": "icons/countries//ky.svg"}}, {"model": "users.country", "pk": 46, "fields": {"name": "Central african republic", "code": "cf", "flag_icon": "icons/countries//cf.svg"}}, {"model": "users.country", "pk": 47, "fields": {"name": "Chad", "code": "td", "flag_icon": "icons/countries//td.svg"}}, {"model": "users.country", "pk": 48, "fields": {"name": "Chile", "code": "cl", "flag_icon": "icons/countries//cl.svg"}}, {"model": "users.country", "pk": 49, "fields": {"name": "China", "code": "cn", "flag_icon": "icons/countries//cn.svg"}}, {"model": "users.country", "pk": 50, "fields": {"name": "Cocos (keeling) islands", "code": "cc", "flag_icon": "icons/countries//cc.svg"}}, {"model": "users.country", "pk": 51, "fields": {"name": "Colombia", "code": "co", "flag_icon": "icons/countries//co.svg"}}, {"model": "users.country", "pk": 52, "fields": {"name": "Comoros", "code": "km", "flag_icon": "icons/countries//km.svg"}}, {"model": "users.country", "pk": 53, "fields": {"name": "Congo", "code": "cg", "flag_icon": "icons/countries//cg.svg"}}, {"model": "users.country", "pk": 54, "fields": {"name": "Congo, the democratic republic of the", "code": "cd", "flag_icon": "icons/countries//cd.svg"}}, {"model": "users.country", "pk": 55, "fields": {"name": "Cook islands", "code": "ck", "flag_icon": "icons/countries//ck.svg"}}, {"model": "users.country", "pk": 56, "fields": {"name": "Costa rica", "code": "cr", "flag_icon": "icons/countries//cr.svg"}}, {"model": "users.country", "pk": 57, "fields": {"name": "Côte d'ivoire", "code": "ci", "flag_icon": "icons/countries//ci.svg"}}, {"model": "users.country", "pk": 58, "fields": {"name": "Croatia", "code": "hr", "flag_icon": "icons/countries//hr.svg"}}, {"model": "users.country", "pk": 59, "fields": {"name": "Cuba", "code": "cu", "flag_icon": "icons/countries//cu.svg"}}, {"model": "users.country", "pk": 60, "fields": {"name": "Cyprus", "code": "cy", "flag_icon": "icons/countries//cy.svg"}}, {"model": "users.country", "pk": 61, "fields": {"name": "Czech republic", "code": "cz", "flag_icon": "icons/countries//cz.svg"}}, {"model": "users.country", "pk": 62, "fields": {"name": "Canary islands", "code": "canary-islands", "flag_icon": "icons/countries//canary-islands.svg"}}, {"model": "users.country", "pk": 63, "fields": {"name": "Ceuta", "code": "ceuta", "flag_icon": "icons/countries//ceuta.svg"}}, {"model": "users.country", "pk": 64, "fields": {"name": "Corsica", "code": "corsica", "flag_icon": "icons/countries//corsica.svg"}}, {"model": "users.country", "pk": 65, "fields": {"name": "Curacao", "code": "curacao", "flag_icon": "icons/countries//curacao.svg"}}, {"model": "users.country", "pk": 66, "fields": {"name": "Denmark", "code": "dk", "flag_icon": "icons/countries//dk.svg"}}, {"model": "users.country", "pk": 67, "fields": {"name": "Djibouti", "code": "dj", "flag_icon": "icons/countries//dj.svg"}}, {"model": "users.country", "pk": 68, "fields": {"name": "Dominica", "code": "dm", "flag_icon": "icons/countries//dm.svg"}}, {"model": "users.country", "pk": 69, "fields": {"name": "Dominican republic", "code": "do", "flag_icon": "icons/countries//do.svg"}}, {"model": "users.country", "pk": 70, "fields": {"name": "Ecuador", "code": "ec", "flag_icon": "icons/countries//ec.svg"}}, {"model": "users.country", "pk": 71, "fields": {"name": "Egypt", "code": "eg", "flag_icon": "icons/countries//eg.svg"}}, {"model": "users.country", "pk": 72, "fields": {"name": "England", "code": "england", "flag_icon": "icons/countries//england.svg"}}, {"model": "users.country", "pk": 73, "fields": {"name": "European union", "code": "european-union", "flag_icon": "icons/countries//european-union.svg"}}, {"model": "users.country", "pk": 74, "fields": {"name": "El salvador", "code": "sv", "flag_icon": "icons/countries//sv.svg"}}, {"model": "users.country", "pk": 75, "fields": {"name": "Equatorial guinea", "code": "gq", "flag_icon": "icons/countries//gq.svg"}}, {"model": "users.country", "pk": 76, "fields": {"name": "Eritrea", "code": "er", "flag_icon": "icons/countries//er.svg"}}, {"model": "users.country", "pk": 77, "fields": {"name": "Estonia", "code": "ee", "flag_icon": "icons/countries//ee.svg"}}, {"model": "users.country", "pk": 78, "fields": {"name": "Ethiopia", "code": "et", "flag_icon": "icons/countries//et.svg"}}, {"model": "users.country", "pk": 79, "fields": {"name": "Falkland islands (malvinas)", "code": "fk", "flag_icon": "icons/countries//fk.svg"}}, {"model": "users.country", "pk": 80, "fields": {"name": "Faroe islands", "code": "fo", "flag_icon": "icons/countries//fo.svg"}}, {"model": "users.country", "pk": 81, "fields": {"name": "Fiji", "code": "fj", "flag_icon": "icons/countries//fj.svg"}}, {"model": "users.country", "pk": 82, "fields": {"name": "Finland", "code": "fi", "flag_icon": "icons/countries//fi.svg"}}, {"model": "users.country", "pk": 83, "fields": {"name": "France", "code": "fr", "flag_icon": "icons/countries//fr.svg"}}, {"model": "users.country", "pk": 84, "fields": {"name": "French polynesia", "code": "pf", "flag_icon": "icons/countries//pf.svg"}}, {"model": "users.country", "pk": 85, "fields": {"name": "Gabon", "code": "ga", "flag_icon": "icons/countries//ga.svg"}}, {"model": "users.country", "pk": 86, "fields": {"name": "Gambia", "code": "gm", "flag_icon": "icons/countries//gm.svg"}}, {"model": "users.country", "pk": 87, "fields": {"name": "Georgia", "code": "ge", "flag_icon": "icons/countries//ge.svg"}}, {"model": "users.country", "pk": 88, "fields": {"name": "Germany", "code": "de", "flag_icon": "icons/countries//de.svg"}}, {"model": "users.country", "pk": 89, "fields": {"name": "Ghana", "code": "gh", "flag_icon": "icons/countries//gh.svg"}}, {"model": "users.country", "pk": 90, "fields": {"name": "Gibraltar", "code": "gi", "flag_icon": "icons/countries//gi.svg"}}, {"model": "users.country", "pk": 91, "fields": {"name": "Greece", "code": "gr", "flag_icon": "icons/countries//gr.svg"}}, {"model": "users.country", "pk": 92, "fields": {"name": "Greenland", "code": "gl", "flag_icon": "icons/countries//gl.svg"}}, {"model": "users.country", "pk": 93, "fields": {"name": "Grenada", "code": "gd", "flag_icon": "icons/countries//gd.svg"}}, {"model": "users.country", "pk": 94, "fields": {"name": "Guam", "code": "gu", "flag_icon": "icons/countries//gu.svg"}}, {"model": "users.country", "pk": 95, "fields": {"name": "Guatemala", "code": "gt", "flag_icon": "icons/countries//gt.svg"}}, {"model": "users.country", "pk": 96, "fields": {"name": "Guernsey", "code": "gg", "flag_icon": "icons/countries//gg.svg"}}, {"model": "users.country", "pk": 97, "fields": {"name": "Guinea", "code": "gn", "flag_icon": "icons/countries//gn.svg"}}, {"model": "users.country", "pk": 98, "fields": {"name": "Guinea-bissau", "code": "gw", "flag_icon": "icons/countries//gw.svg"}}, {"model": "users.country", "pk": 99, "fields": {"name": "Guyana", "code": "gy", "flag_icon": "icons/countries//gy.svg"}}, {"model": "users.country", "pk": 100, "fields": {"name": "Galapagos islands", "code": "galapagos-islands", "flag_icon": "icons/countries//galapagos-islands.svg"}}, {"model": "users.country", "pk": 101, "fields": {"name": "Haiti", "code": "ht", "flag_icon": "icons/countries//ht.svg"}}, {"model": "users.country", "pk": 102, "fields": {"name": "Holy see (vatican city state)", "code": "va", "flag_icon": "icons/countries//va.svg"}}, {"model": "users.country", "pk": 103, "fields": {"name": "Honduras", "code": "hn", "flag_icon": "icons/countries//hn.svg"}}, {"model": "users.country", "pk": 104, "fields": {"name": "Hong kong", "code": "hk", "flag_icon": "icons/countries//hk.svg"}}, {"model": "users.country", "pk": 105, "fields": {"name": "Hungary", "code": "hu", "flag_icon": "icons/countries//hu.svg"}}, {"model": "users.country", "pk": 106, "fields": {"name": "Hawaii", "code": "hawaii", "flag_icon": "icons/countries//hawaii.svg"}}, {"model": "users.country", "pk": 107, "fields": {"name": "Iceland", "code": "is", "flag_icon": "icons/countries//is.svg"}}, {"model": "users.country", "pk": 108, "fields": {"name": "India", "code": "in", "flag_icon": "icons/countries//in.svg"}}, {"model": "users.country", "pk": 109, "fields": {"name": "Indonesia", "code": "id", "flag_icon": "icons/countries//id.svg"}}, {"model": "users.country", "pk": 110, "fields": {"name": "Iran, islamic republic of", "code": "ir", "flag_icon": "icons/countries//ir.svg"}}, {"model": "users.country", "pk": 111, "fields": {"name": "Iraq", "code": "iq", "flag_icon": "icons/countries//iq.svg"}}, {"model": "users.country", "pk": 112, "fields": {"name": "Ireland", "code": "ie", "flag_icon": "icons/countries//ie.svg"}}, {"model": "users.country", "pk": 113, "fields": {"name": "Isle of man", "code": "im", "flag_icon": "icons/countries//im.svg"}}, {"model": "users.country", "pk": 114, "fields": {"name": "Israel", "code": "il", "flag_icon": "icons/countries//il.svg"}}, {"model": "users.country", "pk": 115, "fields": {"name": "Italy", "code": "it", "flag_icon": "icons/countries//it.svg"}}, {"model": "users.country", "pk": 116, "fields": {"name": "Jamaica", "code": "jm", "flag_icon": "icons/countries//jm.svg"}}, {"model": "users.country", "pk": 117, "fields": {"name": "Japan", "code": "jp", "flag_icon": "icons/countries//jp.svg"}}, {"model": "users.country", "pk": 118, "fields": {"name": "Jersey", "code": "je", "flag_icon": "icons/countries//je.svg"}}, {"model": "users.country", "pk": 119, "fields": {"name": "Jordan", "code": "jo", "flag_icon": "icons/countries//jo.svg"}}, {"model": "users.country", "pk": 120, "fields": {"name": "Kazakhstan", "code": "kz", "flag_icon": "icons/countries//kz.svg"}}, {"model": "users.country", "pk": 121, "fields": {"name": "Kenya", "code": "ke", "flag_icon": "icons/countries//ke.svg"}}, {"model": "users.country", "pk": 122, "fields": {"name": "Kiribati", "code": "ki", "flag_icon": "icons/countries//ki.svg"}}, {"model": "users.country", "pk": 123, "fields": {"name": "Korea, democratic people's republic of", "code": "kp", "flag_icon": "icons/countries//kp.svg"}}, {"model": "users.country", "pk": 124, "fields": {"name": "Korea, republic of", "code": "kr", "flag_icon": "icons/countries//kr.svg"}}, {"model": "users.country", "pk": 125, "fields": {"name": "Kuwait", "code": "kw", "flag_icon": "icons/countries//kw.svg"}}, {"model": "users.country", "pk": 126, "fields": {"name": "Kyrgyzstan", "code": "kg", "flag_icon": "icons/countries//kg.svg"}}, {"model": "users.country", "pk": 127, "fields": {"name": "Kosovo", "code": "kosovo", "flag_icon": "icons/countries//kosovo.svg"}}, {"model": "users.country", "pk": 128, "fields": {"name": "Lao people's democratic republic", "code": "la", "flag_icon": "icons/countries//la.svg"}}, {"model": "users.country", "pk": 129, "fields": {"name": "Latvia", "code": "lv", "flag_icon": "icons/countries//lv.svg"}}, {"model": "users.country", "pk": 130, "fields": {"name": "Lebanon", "code": "lb", "flag_icon": "icons/countries//lb.svg"}}, {"model": "users.country", "pk": 131, "fields": {"name": "Lesotho", "code": "ls", "flag_icon": "icons/countries//ls.svg"}}, {"model": "users.country", "pk": 132, "fields": {"name": "Liberia", "code": "lr", "flag_icon": "icons/countries//lr.svg"}}, {"model": "users.country", "pk": 133, "fields": {"name": "Libya", "code": "ly", "flag_icon": "icons/countries//ly.svg"}}, {"model": "users.country", "pk": 134, "fields": {"name": "Liechtenstein", "code": "li", "flag_icon": "icons/countries//li.svg"}}, {"model": "users.country", "pk": 135, "fields": {"name": "Lithuania", "code": "lt", "flag_icon": "icons/countries//lt.svg"}}, {"model": "users.country", "pk": 136, "fields": {"name": "Luxembourg", "code": "lu", "flag_icon": "icons/countries//lu.svg"}}, {"model": "users.country", "pk": 137, "fields": {"name": "Macao", "code": "mo", "flag_icon": "icons/countries//mo.svg"}}, {"model": "users.country", "pk": 138, "fields": {"name": "Macedonia, the former yugoslav republic of", "code": "mk", "flag_icon": "icons/countries//mk.svg"}}, {"model": "users.country", "pk": 139, "fields": {"name": "Madagascar", "code": "mg", "flag_icon": "icons/countries//mg.svg"}}, {"model": "users.country", "pk": 140, "fields": {"name": "Malawi", "code": "mw", "flag_icon": "icons/countries//mw.svg"}}, {"model": "users.country", "pk": 141, "fields": {"name": "Malaysia", "code": "my", "flag_icon": "icons/countries//my.svg"}}, {"model": "users.country", "pk": 142, "fields": {"name": "Maldives", "code": "mv", "flag_icon": "icons/countries//mv.svg"}}, {"model": "users.country", "pk": 143, "fields": {"name": "Mali", "code": "ml", "flag_icon": "icons/countries//ml.svg"}}, {"model": "users.country", "pk": 144, "fields": {"name": "Malta", "code": "mt", "flag_icon": "icons/countries//mt.svg"}}, {"model": "users.country", "pk": 145, "fields": {"name": "Marshall islands", "code": "mh", "flag_icon": "icons/countries//mh.svg"}}, {"model": "users.country", "pk": 146, "fields": {"name": "Martinique", "code": "mq", "flag_icon": "icons/countries//mq.svg"}}, {"model": "users.country", "pk": 147, "fields": {"name": "Mauritania", "code": "mr", "flag_icon": "icons/countries//mr.svg"}}, {"model": "users.country", "pk": 148, "fields": {"name": "Mauritius", "code": "mu", "flag_icon": "icons/countries//mu.svg"}}, {"model": "users.country", "pk": 149, "fields": {"name": "Mexico", "code": "mx", "flag_icon": "icons/countries//mx.svg"}}, {"model": "users.country", "pk": 150, "fields": {"name": "Micronesia, federated states of", "code": "fm", "flag_icon": "icons/countries//fm.svg"}}, {"model": "users.country", "pk": 151, "fields": {"name": "Moldova, republic of", "code": "md", "flag_icon": "icons/countries//md.svg"}}, {"model": "users.country", "pk": 152, "fields": {"name": "Monaco", "code": "mc", "flag_icon": "icons/countries//mc.svg"}}, {"model": "users.country", "pk": 153, "fields": {"name": "Mongolia", "code": "mn", "flag_icon": "icons/countries//mn.svg"}}, {"model": "users.country", "pk": 154, "fields": {"name": "Montenegro", "code": "me", "flag_icon": "icons/countries//me.svg"}}, {"model": "users.country", "pk": 155, "fields": {"name": "Montserrat", "code": "ms", "flag_icon": "icons/countries//ms.svg"}}, {"model": "users.country", "pk": 156, "fields": {"name": "Morocco", "code": "ma", "flag_icon": "icons/countries//ma.svg"}}, {"model": "users.country", "pk": 157, "fields": {"name": "Mozambique", "code": "mz", "flag_icon": "icons/countries//mz.svg"}}, {"model": "users.country", "pk": 158, "fields": {"name": "Myanmar", "code": "mm", "flag_icon": "icons/countries//mm.svg"}}, {"model": "users.country", "pk": 159, "fields": {"name": "Madeira", "code": "madeira", "flag_icon": "icons/countries//madeira.svg"}}, {"model": "users.country", "pk": 160, "fields": {"name": "Melilla", "code": "melilla", "flag_icon": "icons/countries//melilla.svg"}}, {"model": "users.country", "pk": 161, "fields": {"name": "Namibia", "code": "na", "flag_icon": "icons/countries//na.svg"}}, {"model": "users.country", "pk": 162, "fields": {"name": "Nauru", "code": "nr", "flag_icon": "icons/countries//nr.svg"}}, {"model": "users.country", "pk": 163, "fields": {"name": "Nepal", "code": "np", "flag_icon": "icons/countries//np.svg"}}, {"model": "users.country", "pk": 164, "fields": {"name": "Netherlands", "code": "nl", "flag_icon": "icons/countries//nl.svg"}}, {"model": "users.country", "pk": 165, "fields": {"name": "New zealand", "code": "nz", "flag_icon": "icons/countries//nz.svg"}}, {"model": "users.country", "pk": 166, "fields": {"name": "Nicaragua", "code": "ni", "flag_icon": "icons/countries//ni.svg"}}, {"model": "users.country", "pk": 167, "fields": {"name": "Niger", "code": "ne", "flag_icon": "icons/countries//ne.svg"}}, {"model": "users.country", "pk": 168, "fields": {"name": "Nigeria", "code": "ng", "flag_icon": "icons/countries//ng.svg"}}, {"model": "users.country", "pk": 169, "fields": {"name": "Niue", "code": "nu", "flag_icon": "icons/countries//nu.svg"}}, {"model": "users.country", "pk": 170, "fields": {"name": "Norfolk island", "code": "nf", "flag_icon": "icons/countries//nf.svg"}}, {"model": "users.country", "pk": 171, "fields": {"name": "Northern mariana islands", "code": "mp", "flag_icon": "icons/countries//mp.svg"}}, {"model": "users.country", "pk": 172, "fields": {"name": "Norway", "code": "no", "flag_icon": "icons/countries//no.svg"}}, {"model": "users.country", "pk": 173, "fields": {"name": "Nato", "code": "nato", "flag_icon": "icons/countries//nato.svg"}}, {"model": "users.country", "pk": 174, "fields": {"name": "Northern cyprus", "code": "northern-cyprus", "flag_icon": "icons/countries//northern-cyprus.svg"}}, {"model": "users.country", "pk": 175, "fields": {"name": "Oman", "code": "om", "flag_icon": "icons/countries//om.svg"}}, {"model": "users.country", "pk": 176, "fields": {"name": "Orkney islands", "code": "orkney-islands", "flag_icon": "icons/countries//orkney-islands.svg"}}, {"model": "users.country", "pk": 177, "fields": {"name": "Ossetia", "code": "ossetia", "flag_icon": "icons/countries//ossetia.svg"}}, {"model": "users.country", "pk": 178, "fields": {"name": "Pakistan", "code": "pk", "flag_icon": "icons/countries//pk.svg"}}, {"model": "users.country", "pk": 179, "fields": {"name": "Palau", "code": "pw", "flag_icon": "icons/countries//pw.svg"}}, {"model": "users.country", "pk": 180, "fields": {"name": "Palestine, state of", "code": "ps", "flag_icon": "icons/countries//ps.svg"}}, {"model": "users.country", "pk": 181, "fields": {"name": "Panama", "code": "pa", "flag_icon": "icons/countries//pa.svg"}}, {"model": "users.country", "pk": 182, "fields": {"name": "Papua new guinea", "code": "pg", "flag_icon": "icons/countries//pg.svg"}}, {"model": "users.country", "pk": 183, "fields": {"name": "Paraguay", "code": "py", "flag_icon": "icons/countries//py.svg"}}, {"model": "users.country", "pk": 184, "fields": {"name": "Peru", "code": "pe", "flag_icon": "icons/countries//pe.svg"}}, {"model": "users.country", "pk": 185, "fields": {"name": "Philippines", "code": "ph", "flag_icon": "icons/countries//ph.svg"}}, {"model": "users.country", "pk": 186, "fields": {"name": "Pitcairn", "code": "pn", "flag_icon": "icons/countries//pn.svg"}}, {"model": "users.country", "pk": 187, "fields": {"name": "Poland", "code": "pl", "flag_icon": "icons/countries//pl.svg"}}, {"model": "users.country", "pk": 188, "fields": {"name": "Portugal", "code": "pt", "flag_icon": "icons/countries//pt.svg"}}, {"model": "users.country", "pk": 189, "fields": {"name": "Puerto rico", "code": "pr", "flag_icon": "icons/countries//pr.svg"}}, {"model": "users.country", "pk": 190, "fields": {"name": "Qatar", "code": "qa", "flag_icon": "icons/countries//qa.svg"}}, {"model": "users.country", "pk": 191, "fields": {"name": "Romania", "code": "ro", "flag_icon": "icons/countries//ro.svg"}}, {"model": "users.country", "pk": 192, "fields": {"name": "Russian federation", "code": "ru", "flag_icon": "icons/countries//ru.svg"}}, {"model": "users.country", "pk": 193, "fields": {"name": "Rwanda", "code": "rw", "flag_icon": "icons/countries//rw.svg"}}, {"model": "users.country", "pk": 194, "fields": {"name": "Rapa nui", "code": "rapa-nui", "flag_icon": "icons/countries//rapa-nui.svg"}}, {"model": "users.country", "pk": 195, "fields": {"name": "Saint lucia", "code": "lc", "flag_icon": "icons/countries//lc.svg"}}, {"model": "users.country", "pk": 196, "fields": {"name": "Saint vincent and the grenadines", "code": "vc", "flag_icon": "icons/countries//vc.svg"}}, {"model": "users.country", "pk": 197, "fields": {"name": "Samoa", "code": "ws", "flag_icon": "icons/countries//ws.svg"}}, {"model": "users.country", "pk": 198, "fields": {"name": "San marino", "code": "sm", "flag_icon": "icons/countries//sm.svg"}}, {"model": "users.country", "pk": 199, "fields": {"name": "Sao tome and principe", "code": "st", "flag_icon": "icons/countries//st.svg"}}, {"model": "users.country", "pk": 200, "fields": {"name": "Saudi arabia", "code": "sa", "flag_icon": "icons/countries//sa.svg"}}, {"model": "users.country", "pk": 201, "fields": {"name": "Senegal", "code": "sn", "flag_icon": "icons/countries//sn.svg"}}, {"model": "users.country", "pk": 202, "fields": {"name": "Serbia", "code": "rs", "flag_icon": "icons/countries//rs.svg"}}, {"model": "users.country", "pk": 203, "fields": {"name": "Seychelles", "code": "sc", "flag_icon": "icons/countries//sc.svg"}}, {"model": "users.country", "pk": 204, "fields": {"name": "Sierra leone", "code": "sl", "flag_icon": "icons/countries//sl.svg"}}, {"model": "users.country", "pk": 205, "fields": {"name": "Singapore", "code": "sg", "flag_icon": "icons/countries//sg.svg"}}, {"model": "users.country", "pk": 206, "fields": {"name": "Sint maarten (dutch part)", "code": "sx", "flag_icon": "icons/countries//sx.svg"}}, {"model": "users.country", "pk": 207, "fields": {"name": "Slovakia", "code": "sk", "flag_icon": "icons/countries//sk.svg"}}, {"model": "users.country", "pk": 208, "fields": {"name": "Slovenia", "code": "si", "flag_icon": "icons/countries//si.svg"}}, {"model": "users.country", "pk": 209, "fields": {"name": "Solomon islands", "code": "sb", "flag_icon": "icons/countries//sb.svg"}}, {"model": "users.country", "pk": 210, "fields": {"name": "Somalia", "code": "so", "flag_icon": "icons/countries//so.svg"}}, {"model": "users.country", "pk": 211, "fields": {"name": "South africa", "code": "za", "flag_icon": "icons/countries//za.svg"}}, {"model": "users.country", "pk": 212, "fields": {"name": "South sudan", "code": "ss", "flag_icon": "icons/countries//ss.svg"}}, {"model": "users.country", "pk": 213, "fields": {"name": "Spain", "code": "es", "flag_icon": "icons/countries//es.svg"}}, {"model": "users.country", "pk": 214, "fields": {"name": "Sri lanka", "code": "lk", "flag_icon": "icons/countries//lk.svg"}}, {"model": "users.country", "pk": 215, "fields": {"name": "Sudan", "code": "sd", "flag_icon": "icons/countries//sd.svg"}}, {"model": "users.country", "pk": 216, "fields": {"name": "Suriname", "code": "sr", "flag_icon": "icons/countries//sr.svg"}}, {"model": "users.country", "pk": 217, "fields": {"name": "Swaziland", "code": "sz", "flag_icon": "icons/countries//sz.svg"}}, {"model": "users.country", "pk": 218, "fields": {"name": "Sweden", "code": "se", "flag_icon": "icons/countries//se.svg"}}, {"model": "users.country", "pk": 219, "fields": {"name": "Switzerland", "code": "ch", "flag_icon": "icons/countries//ch.svg"}}, {"model": "users.country", "pk": 220, "fields": {"name": "Syrian arab republic", "code": "sy", "flag_icon": "icons/countries//sy.svg"}}, {"model": "users.country", "pk": 221, "fields": {"name": "Saba island", "code": "saba-island", "flag_icon": "icons/countries//saba-island.svg"}}, {"model": "users.country", "pk": 222, "fields": {"name": "Sahrawi arab democratic republic", "code": "sahrawi-arab-democratic-republic", "flag_icon": "icons/countries//sahrawi-arab-democratic-republic.svg"}}, {"model": "users.country", "pk": 223, "fields": {"name": "Sardinia", "code": "sardinia", "flag_icon": "icons/countries//sardinia.svg"}}, {"model": "users.country", "pk": 224, "fields": {"name": "Scotland", "code": "scotland", "flag_icon": "icons/countries//scotland.svg"}}, {"model": "users.country", "pk": 225, "fields": {"name": "Sint eustatius", "code": "sint-eustatius", "flag_icon": "icons/countries//sint-eustatius.svg"}}, {"model": "users.country", "pk": 226, "fields": {"name": "Somaliland", "code": "somaliland", "flag_icon": "icons/countries//somaliland.svg"}}, {"model": "users.country", "pk": 227, "fields": {"name": "St barts", "code": "st-barts", "flag_icon": "icons/countries//st-barts.svg"}}, {"model": "users.country", "pk": 228, "fields": {"name": "Taiwan, province of china", "code": "tw", "flag_icon": "icons/countries//tw.svg"}}, {"model": "users.country", "pk": 229, "fields": {"name": "Tajikistan", "code": "tj", "flag_icon": "icons/countries//tj.svg"}}, {"model": "users.country", "pk": 230, "fields": {"name": "Tanzania, united republic of", "code": "tz", "flag_icon": "icons/countries//tz.svg"}}, {"model": "users.country", "pk": 231, "fields": {"name": "Thailand", "code": "th", "flag_icon": "icons/countries//th.svg"}}, {"model": "users.country", "pk": 232, "fields": {"name": "Timor-leste", "code": "tl", "flag_icon": "icons/countries//tl.svg"}}, {"model": "users.country", "pk": 233, "fields": {"name": "Togo", "code": "tg", "flag_icon": "icons/countries//tg.svg"}}, {"model": "users.country", "pk": 234, "fields": {"name": "Tokelau", "code": "tk", "flag_icon": "icons/countries//tk.svg"}}, {"model": "users.country", "pk": 235, "fields": {"name": "Tonga", "code": "to", "flag_icon": "icons/countries//to.svg"}}, {"model": "users.country", "pk": 236, "fields": {"name": "Trinidad and tobago", "code": "tt", "flag_icon": "icons/countries//tt.svg"}}, {"model": "users.country", "pk": 237, "fields": {"name": "Tunisia", "code": "tn", "flag_icon": "icons/countries//tn.svg"}}, {"model": "users.country", "pk": 238, "fields": {"name": "Turkey", "code": "tr", "flag_icon": "icons/countries//tr.svg"}}, {"model": "users.country", "pk": 239, "fields": {"name": "Turkmenistan", "code": "tm", "flag_icon": "icons/countries//tm.svg"}}, {"model": "users.country", "pk": 240, "fields": {"name": "Turks and caicos islands", "code": "tc", "flag_icon": "icons/countries//tc.svg"}}, {"model": "users.country", "pk": 241, "fields": {"name": "Tuvalu", "code": "tv", "flag_icon": "icons/countries//tv.svg"}}, {"model": "users.country", "pk": 242, "fields": {"name": "Tibet", "code": "tibet", "flag_icon": "icons/countries//tibet.svg"}}, {"model": "users.country", "pk": 243, "fields": {"name": "Transnistria", "code": "transnistria", "flag_icon": "icons/countries//transnistria.svg"}}, {"model": "users.country", "pk": 244, "fields": {"name": "Uganda", "code": "ug", "flag_icon": "icons/countries//ug.svg"}}, {"model": "users.country", "pk": 245, "fields": {"name": "Ukraine", "code": "ua", "flag_icon": "icons/countries//ua.svg"}}, {"model": "users.country", "pk": 246, "fields": {"name": "United nations", "code": "un", "flag_icon": "icons/countries//un.svg"}}, {"model": "users.country", "pk": 247, "fields": {"name": "United arab emirates", "code": "ae", "flag_icon": "icons/countries//ae.svg"}}, {"model": "users.country", "pk": 248, "fields": {"name": "United kingdom", "code": "gb", "flag_icon": "icons/countries//gb.svg"}}, {"model": "users.country", "pk": 249, "fields": {"name": "United states", "code": "us", "flag_icon": "icons/countries//us.svg"}}, {"model": "users.country", "pk": 250, "fields": {"name": "Uruguay", "code": "uy", "flag_icon": "icons/countries//uy.svg"}}, {"model": "users.country", "pk": 251, "fields": {"name": "Uzbekistan", "code": "uz", "flag_icon": "icons/countries//uz.svg"}}, {"model": "users.country", "pk": 252, "fields": {"name": "Vanuatu", "code": "vu", "flag_icon": "icons/countries//vu.svg"}}, {"model": "users.country", "pk": 253, "fields": {"name": "Venezuela, bolivarian republic of", "code": "ve", "flag_icon": "icons/countries//ve.svg"}}, {"model": "users.country", "pk": 254, "fields": {"name": "Viet nam", "code": "vn", "flag_icon": "icons/countries//vn.svg"}}, {"model": "users.country", "pk": 255, "fields": {"name": "Virgin islands, british", "code": "vg", "flag_icon": "icons/countries//vg.svg"}}, {"model": "users.country", "pk": 256, "fields": {"name": "Virgin islands, u.s.", "code": "vi", "flag_icon": "icons/countries//vi.svg"}}, {"model": "users.country", "pk": 257, "fields": {"name": "Wales", "code": "wales", "flag_icon": "icons/countries//wales.svg"}}, {"model": "users.country", "pk": 258, "fields": {"name": "Yemen", "code": "ye", "flag_icon": "icons/countries//ye.svg"}}, {"model": "users.country", "pk": 259, "fields": {"name": "Zambia", "code": "zm", "flag_icon": "icons/countries//zm.svg"}}, {"model": "users.country", "pk": 260, "fields": {"name": "Zimbabwe", "code": "zw", "flag_icon": "icons/countries//zw.svg"}}, {"model": "users.user", "pk": 1, "fields": {"password": "ML7kwFXh9o", "last_login": null, "is_superuser": false, "username": "Dyah", "first_name": "Dyah", "is_staff": false, "is_active": true, "date_joined": "2023-07-31T07:26:18Z", "date_edited": "2023-07-31T08:40:51.555Z", "email": "dyah@yandex.ru", "slug": "dyah", "birth_date": "1992-06-01", "about": "Hello! I’m Dyah from Indonesia. I like to make new friends. Feel free to chat me!", "gender": "Female", "interests": [], "country": 109, "avatar": "icons/users/Dyah.png", "age_is_hidden": false, "gender_is_hidden": false, "groups": [], "user_permissions": []}}, {"model": "users.user", "pk": 2, "fields": {"password": "ML7kwFXh9o", "last_login": null, "is_superuser": false, "username": "Elek", "first_name": "Elek", "is_staff": false, "is_active": true, "date_joined": "2023-07-31T07:26:18Z", "date_edited": "2023-07-31T08:05:43.940Z", "email": "elek@yandex.ru", "slug": "elek", "birth_date": "1999-06-01", "about": "Hello from Turkey!", "gender": "Male", "interests": [], "country": 238, "avatar": "icons/users/Elek.png", "age_is_hidden": false, "gender_is_hidden": false, "groups": [], "user_permissions": []}}, {"model": "users.user", "pk": 3, "fields": {"password": "ML7kwFXh9o", "last_login": null, "is_superuser": false, "username": "Jay", "first_name": "Jay", "is_staff": false, "is_active": true, "date_joined": "2023-07-31T07:26:18Z", "date_edited": "2023-07-31T07:55:23.896Z", "email": "jay@yandex.ru", "slug": "jay", "birth_date": "1980-06-01", "about": "Hi ! I’m Jay! I’m university student! I’m asian american! I can help you with English!", "gender": "Female", "interests": [], "country": 249, "avatar": "icons/users/Jay.png", "age_is_hidden": false, "gender_is_hidden": false, "groups": [], "user_permissions": []}}, {"model": "users.user", "pk": 4, "fields": {"password": "ML7kwFXh9o", "last_login": null, "is_superuser": false, "username": "Andrew", "first_name": "Andrew", "is_staff": false, "is_active": true, "date_joined": "2023-07-31T07:26:18Z", "date_edited": "2023-07-31T08:41:22.748Z", "email": "andrew@yandex.ru", "slug": "andrew", "birth_date": "1983-06-01", "about": "Hello everyone! My name is Andrew, I’m open to make more friends. Let’s go to talk!", "gender": "Male", "interests": [], "country": 164, "avatar": "icons/users/Andrew.png", "age_is_hidden": false, "gender_is_hidden": false, "groups": [], "user_permissions": []}}, {"model": "users.user", "pk": 5, "fields": {"password": "ML7kwFXh9o", "last_login": null, "is_superuser": false, "username": "Matey", "first_name": "Matey", "is_staff": false, "is_active": true, "date_joined": "2023-07-31T07:26:18Z", "date_edited": "2023-07-31T08:41:33.072Z", "email": "matey@yandex.ru", "slug": "matey", "birth_date": "1987-06-01", "about": "Всем привет! Я хочу выучить русский язык, чтобы свободно говорить и открыть свой бизнес в России", "gender": "Male", "interests": [], "country": 191, "avatar": "icons/users/Matey.png", "age_is_hidden": false, "gender_is_hidden": false, "groups": [], "user_permissions": []}}, {"model": "users.user", "pk": 6, "fields": {"password": "ML7kwFXh9o", "last_login": null, "is_superuser": false, "username": "Sheena", "first_name": "Sheena", "is_staff": false, "is_active": true, "date_joined": "2023-07-31T07:26:18Z", "date_edited": "2023-07-31T08:17:47.692Z", "email": "sheena@yandex.ru", "slug": "sheena", "birth_date": "2004-06-01", "about": "I’m a student and my hobby is learning language. I'm very friendly yet shy at first.", "gender": "Female", "interests": [], "country": 115, "avatar": "icons/users/Sheena.png", "age_is_hidden": false, "gender_is_hidden": false, "groups": [], "user_permissions": []}}, {"model": "users.user", "pk": 7, "fields": {"password": "ML7kwFXh9o", "last_login": null, "is_superuser": false, "username": "Omar", "first_name": "Omar", "is_staff": false, "is_active": true, "date_joined": "2023-07-31T07:26:18Z", "date_edited": "2023-07-31T08:19:19.129Z", "email": "omar@yandex.ru", "slug": "omar", "birth_date": "2000-09-01", "about": "Omar еще не заполнил информацию о себе", "gender": "Male", "interests": [], "country": 71, "avatar": "icons/users/Omar.png", "age_is_hidden": false, "gender_is_hidden": false, "groups": [], "user_permissions": []}}, {"model": "users.user", "pk": 8, "fields": {"password": "ML7kwFXh9o", "last_login": null, "is_superuser": false, "username": "Iorrain", "first_name": "Iorrain", "is_staff": false, "is_active": true, "date_joined": "2023-07-31T07:26:18Z", "date_edited": "2023-07-31T08:22:07.583Z", "email": "iorrain@yandex.ru", "slug": "iorrain", "birth_date": "1993-06-01", "about": "Привет! Я учу русский полгода. Живу в Австралии. I would love to help anyone learning English btw.", "gender": "Female", "interests": [], "country": 14, "avatar": "icons/users/Iorrain.png", "age_is_hidden": false, "gender_is_hidden": false, "groups": [], "user_permissions": []}}, {"model": "users.user", "pk": 9, "fields": {"password": "ML7kwFXh9o", "last_login": null, "is_superuser": false, "username": "Ahmed", "first_name": "Ahmed", "is_staff": false, "is_active": true, "date_joined": "2023-07-31T07:26:18Z", "date_edited": "2023-07-31T07:44:13.709Z", "email": "ahmed@yandex.ru", "slug": "ahmed", "birth_date": "1995-06-01", "about": "Hello in my world", "gender": "Male", "interests": [], "country": 71, "avatar": "icons/users/Ahmed.png", "age_is_hidden": false, "gender_is_hidden": false, "groups": [], "user_permissions": []}}, {"model": "users.user", "pk": 10, "fields": {"password": "ML7kwFXh9o", "last_login": null, "is_superuser": false, "username": "Daniel", "first_name": "Daniel", "is_staff": false, "is_active": true, "date_joined": "2023-07-31T07:26:18Z", "date_edited": "2023-07-31T08:42:16.380Z", "email": "daniel@yandex.ru", "slug": "daniel", "birth_date": "1998-09-01", "about": "If you’d like practice English or Spanish and help me with Russian, feel free to say hello!", "gender": "Male", "interests": [], "country": 32, "avatar": "icons/users/Daniel.png", "age_is_hidden": false, "gender_is_hidden": false, "groups": [], "user_permissions": []}}, {"model": "users.user", "pk": 11, "fields": {"password": "ML7kwFXh9o", "last_login": null, "is_superuser": false, "username": "Sara", "first_name": "Sara", "is_staff": false, "is_active": true, "date_joined": "2023-07-31T07:26:18Z", "date_edited": "2023-07-31T08:28:10.034Z", "email": "sara@yandex.ru", "slug": "sara", "birth_date": "1982-06-01", "about": "I’ve just started to learn Russian. So far only know the alphabet and a few basic words.", "gender": "Female", "interests": [], "country": 248, "avatar": "icons/users/Sara.png", "age_is_hidden": false, "gender_is_hidden": false, "groups": [], "user_permissions": []}}, {"model": "users.user", "pk": 12, "fields": {"password": "ML7kwFXh9o", "last_login": null, "is_superuser": false, "username": "Chris", "first_name": "Chris", "is_staff": false, "is_active": true, "date_joined": "2023-07-31T07:26:18Z", "date_edited": "2023-07-31T08:29:19.452Z", "email": "chris@yandex.ru", "slug": "chris", "birth_date": "2002-06-01", "about": "Всем привет! Меня зовут Крис", "gender": "Female", "interests": [], "country": 88, "avatar": "icons/users/Chris.png", "age_is_hidden": false, "gender_is_hidden": false, "groups": [], "user_permissions": []}}, {"model": "users.user", "pk": 13, "fields": {"password": "ML7kwFXh9o", "last_login": null, "is_superuser": false, "username": "Kadir", "first_name": "Kadir", "is_staff": false, "is_active": true, "date_joined": "2023-07-31T07:26:18Z", "date_edited": "2023-07-31T08:30:23.348Z", "email": "kadir@yandex.ru", "slug": "kadir", "birth_date": "2001-06-01", "about": "Хочу выучить русский язык для работы.", "gender": "Male", "interests": [], "country": 238, "avatar": "icons/users/Kadir.png", "age_is_hidden": false, "gender_is_hidden": false, "groups": [], "user_permissions": []}}, {"model": "users.user", "pk": 14, "fields": {"password": "ML7kwFXh9o", "last_login": null, "is_superuser": false, "username": "Josi", "first_name": "Josi", "is_staff": false, "is_active": true, "date_joined": "2023-07-31T07:26:18Z", "date_edited": "2023-07-31T08:31:42.208Z", "email": "josi@yandex.ru", "slug": "josi", "birth_date": "2003-06-01", "about": "Hi you! If you help i learning English or German i can help you, feel free to text me", "gender": "Female", "interests": [], "country": 88, "avatar": "icons/users/Josi.png", "age_is_hidden": false, "gender_is_hidden": false, "groups": [], "user_permissions": []}}, {"model": "users.user", "pk": 15, "fields": {"password": "ML7kwFXh9o", "last_login": null, "is_superuser": false, "username": "Korren", "first_name": "Korren", "is_staff": false, "is_active": true, "date_joined": "2023-07-31T07:26:18Z", "date_edited": "2023-07-31T08:32:49.477Z", "email": "korren@yandex.ru", "slug": "korren", "birth_date": "1990-06-01", "about": "Я могу немного говорить и понимать, но мне нужно улучшить свои навыки чтения и письма.", "gender": "Female", "interests": [], "country": 249, "avatar": "icons/users/Korren.png", "age_is_hidden": false, "gender_is_hidden": false, "groups": [], "user_permissions": []}}, {"model": "users.user", "pk": 16, "fields": {"password": "ML7kwFXh9o", "last_login": null, "is_superuser": false, "username": "Jiang", "first_name": "Jiang", "is_staff": false, "is_active": true, "date_joined": "2023-07-31T07:26:18Z", "date_edited": "2023-07-31T08:36:38.475Z", "email": "jiang@yandex.ru", "slug": "jiang", "birth_date": "1986-06-01", "about": "Hi there! I’m glad you came to my page. I want to improve my speaking with native speakers.", "gender": "Male", "interests": [], "country": 185, "avatar": "icons/users/Jiang.png", "age_is_hidden": false, "gender_is_hidden": false, "groups": [], "user_permissions": []}}, {"model": "users.user", "pk": 17, "fields": {"password": "ML7kwFXh9o", "last_login": null, "is_superuser": false, "username": "Pulkit1", "first_name": "Pulkit", "is_staff": false, "is_active": true, "date_joined": "2023-07-31T07:26:18Z", "date_edited": "2023-07-31T08:38:20.653Z", "email": "pulkit1@yandex.ru", "slug": "pulkit1", "birth_date": "1996-06-01", "about": "I want to learn russian and make good friends here.", "gender": "Male", "interests": [], "country": 108, "avatar": "icons/users/Pulkit.png", "age_is_hidden": false, "gender_is_hidden": false, "groups": [], "user_permissions": []}}, {"model": "users.user", "pk": 18, "fields": {"password": "ML7kwFXh9o", "last_login": null, "is_superuser": false, "username": "Pulkit2", "first_name": "Pulkit", "is_staff": false, "is_active": true, "date_joined": "2023-07-31T07:26:18Z", "date_edited": "2023-07-31T08:40:37.325Z", "email": "pulkit2@yandex.ru", "slug": "pulkit2", "birth_date": "1996-06-01", "about": "I want to move to Russia. Help me lern russian please)", "gender": "Male", "interests": [], "country": 231, "avatar": "icons/users/PulkitTh.png", "age_is_hidden": false, "gender_is_hidden": false, "groups": [], "user_permissions": []}}, {"model": "users.user", "pk": 19, "fields": {"password": "pbkdf2_sha256$600000$E1GfymC2BaeHVqOjsVzwni$ftQjP+NOsrW6bfeSRA70f8Abjc1wDABCDpGdGJLoN0Q=", "last_login": "2023-07-31T07:27:00.223Z", "is_superuser": true, "username": "admin", "first_name": "", "is_staff": true, "is_active": true, "date_joined": "2023-07-31T07:26:56.301Z", "date_edited": "2023-07-31T07:26:56.819Z", "email": "admin@example.com", "slug": "admin", "birth_date": null, "about": "", "gender": null, "interests": [], "country": null, "avatar": "", "age_is_hidden": false, "gender_is_hidden": false, "groups": [], "user_permissions": []}}, {"model": "users.language", "pk": 1, "fields": {"name": "Afrikaans", "name_local": "Afrikaans", "isocode": "Af", "sorting": 0}}, {"model": "users.language", "pk": 2, "fields": {"name": "Arabic", "name_local": "العربيّة", "isocode": "Ar", "sorting": 1}}, {"model": "users.language", "pk": 3, "fields": {"name": "Azerbaijani", "name_local": "Azərbaycanca", "isocode": "Az", "sorting": 0}}, {"model": "users.language", "pk": 4, "fields": {"name": "Belarusian", "name_local": "беларуская", "isocode": "Be", "sorting": 0}}, {"model": "users.language", "pk": 5, "fields": {"name": "Bulgarian", "name_local": "български", "isocode": "Bg", "sorting": 0}}, {"model": "users.language", "pk": 6, "fields": {"name": "Bengali", "name_local": "বাংলা", "isocode": "Bn", "sorting": 0}}, {"model": "users.language", "pk": 7, "fields": {"name": "Breton", "name_local": "brezhoneg", "isocode": "Br", "sorting": 0}}, {"model": "users.language", "pk": 8, "fields": {"name": "Bosnian", "name_local": "bosanski", "isocode": "Bs", "sorting": 0}}, {"model": "users.language", "pk": 9, "fields": {"name": "Catalan", "name_local": "català", "isocode": "Ca", "sorting": 0}}, {"model": "users.language", "pk": 10, "fields": {"name": "Czech", "name_local": "česky", "isocode": "Cs", "sorting": 0}}, {"model": "users.language", "pk": 11, "fields": {"name": "Welsh", "name_local": "Cymraeg", "isocode": "Cy", "sorting": 0}}, {"model": "users.language", "pk": 12, "fields": {"name": "Danish", "name_local": "dansk", "isocode": "Da", "sorting": 0}}, {"model": "users.language", "pk": 13, "fields": {"name": "German", "name_local": "Deutsch", "isocode": "De", "sorting": 2}}, {"model": "users.language", "pk": 14, "fields": {"name": "Greek", "name_local": "Ελληνικά", "isocode": "El", "sorting": 0}}, {"model": "users.language", "pk": 15, "fields": {"name": "English", "name_local": "English", "isocode": "En", "sorting": 3}}, {"model": "users.language", "pk": 16, "fields": {"name": "Esperanto", "name_local": "Esperanto", "isocode": "Eo", "sorting": 0}}, {"model": "users.language", "pk": 17, "fields": {"name": "Spanish", "name_local": "español", "isocode": "Es", "sorting": 2}}, {"model": "users.language", "pk": 18, "fields": {"name": "Estonian", "name_local": "eesti", "isocode": "Et", "sorting": 0}}, {"model": "users.language", "pk": 19, "fields": {"name": "Basque", "name_local": "Basque", "isocode": "Eu", "sorting": 0}}, {"model": "users.language", "pk": 20, "fields": {"name": "Persian", "name_local": "فارسی", "isocode": "Fa", "sorting": 0}}, {"model": "users.language", "pk": 21, "fields": {"name": "Finnish", "name_local": "suomi", "isocode": "Fi", "sorting": 0}}, {"model": "users.language", "pk": 22, "fields": {"name": "French", "name_local": "français", "isocode": "Fr", "sorting": 2}}, {"model": "users.language", "pk": 23, "fields": {"name": "Frisian", "name_local": "frysk", "isocode": "Fy", "sorting": 0}}, {"model": "users.language", "pk": 24, "fields": {"name": "Irish", "name_local": "Gaeilge", "isocode": "Ga", "sorting": 0}}, {"model": "users.language", "pk": 25, "fields": {"name": "Scottish Gaelic", "name_local": "Gàidhlig", "isocode": "Gd", "sorting": 0}}, {"model": "users.language", "pk": 26, "fields": {"name": "Galician", "name_local": "galego", "isocode": "Gl", "sorting": 0}}, {"model": "users.language", "pk": 27, "fields": {"name": "Hebrew", "name_local": "עברית", "isocode": "He", "sorting": 0}}, {"model": "users.language", "pk": 28, "fields": {"name": "Hindi", "name_local": "हिंदी", "isocode": "Hi", "sorting": 0}}, {"model": "users.language", "pk": 29, "fields": {"name": "Croatian", "name_local": "Hrvatski", "isocode": "Hr", "sorting": 0}}, {"model": "users.language", "pk": 30, "fields": {"name": "Hungarian", "name_local": "Magyar", "isocode": "Hu", "sorting": 0}}, {"model": "users.language", "pk": 31, "fields": {"name": "Armenian", "name_local": "հայերեն", "isocode": "Hy", "sorting": 0}}, {"model": "users.language", "pk": 32, "fields": {"name": "Interlingua", "name_local": "Interlingua", "isocode": "Ia", "sorting": 0}}, {"model": "users.language", "pk": 33, "fields": {"name": "Ido", "name_local": "ido", "isocode": "Io", "sorting": 0}}, {"model": "users.language", "pk": 34, "fields": {"name": "Indonesian", "name_local": "Bahasa Indonesia", "isocode": "Id", "sorting": 0}}, {"model": "users.language", "pk": 35, "fields": {"name": "Igbo", "name_local": "Asụsụ Ìgbò", "isocode": "Ig", "sorting": 0}}, {"model": "users.language", "pk": 36, "fields": {"name": "Icelandic", "name_local": "Íslenska", "isocode": "Is", "sorting": 0}}, {"model": "users.language", "pk": 37, "fields": {"name": "Italian", "name_local": "italiano", "isocode": "It", "sorting": 2}}, {"model": "users.language", "pk": 38, "fields": {"name": "Japanese", "name_local": "日本語", "isocode": "Ja", "sorting": 2}}, {"model": "users.language", "pk": 39, "fields": {"name": "Georgian", "name_local": "ქართული", "isocode": "Ka", "sorting": 0}}, {"model": "users.language", "pk": 40, "fields": {"name": "Kazakh", "name_local": "Қазақ", "isocode": "Kk", "sorting": 0}}, {"model": "users.language", "pk": 41, "fields": {"name": "Khmer", "name_local": "Khmer", "isocode": "Km", "sorting": 0}}, {"model": "users.language", "pk": 42, "fields": {"name": "Kannada", "name_local": "Kannada", "isocode": "Kn", "sorting": 0}}, {"model": "users.language", "pk": 43, "fields": {"name": "Korean", "name_local": "한국어", "isocode": "Ko", "sorting": 2}}, {"model": "users.language", "pk": 44, "fields": {"name": "Kyrgyz", "name_local": "Кыргызча", "isocode": "Ky", "sorting": 0}}, {"model": "users.language", "pk": 45, "fields": {"name": "Luxembourgish", "name_local": "Lëtzebuergesch", "isocode": "Lb", "sorting": 0}}, {"model": "users.language", "pk": 46, "fields": {"name": "Lithuanian", "name_local": "Lietuviškai", "isocode": "Lt", "sorting": 0}}, {"model": "users.language", "pk": 47, "fields": {"name": "Latvian", "name_local": "latviešu", "isocode": "Lv", "sorting": 0}}, {"model": "users.language", "pk": 48, "fields": {"name": "Macedonian", "name_local": "Македонски", "isocode": "Mk", "sorting": 0}}, {"model": "users.language", "pk": 49, "fields": {"name": "Malayalam", "name_local": "മലയാളം", "isocode": "Ml", "sorting": 0}}, {"model": "users.language", "pk": 50, "fields": {"name": "Mongolian", "name_local": "Mongolian", "isocode": "Mn", "sorting": 0}}, {"model": "users.language", "pk": 51, "fields": {"name": "Marathi", "name_local": "मराठी", "isocode": "Mr", "sorting": 0}}, {"model": "users.language", "pk": 52, "fields": {"name": "Malay", "name_local": "Bahasa Melayu", "isocode": "Ms", "sorting": 0}}, {"model": "users.language", "pk": 53, "fields": {"name": "Burmese", "name_local": "မြန်မာဘာသာ", "isocode": "My", "sorting": 0}}, {"model": "users.language", "pk": 54, "fields": {"name": "Norwegian Bokmal", "name_local": "norsk (bokmål)", "isocode": "Nb", "sorting": 0}}, {"model": "users.language", "pk": 55, "fields": {"name": "Nepali", "name_local": "नेपाली", "isocode": "Ne", "sorting": 0}}, {"model": "users.language", "pk": 56, "fields": {"name": "Dutch", "name_local": "Nederlands", "isocode": "Nl", "sorting": 1}}, {"model": "users.language", "pk": 57, "fields": {"name": "Norwegian Nynorsk", "name_local": "norsk (nynorsk)", "isocode": "Nn", "sorting": 0}}, {"model": "users.language", "pk": 58, "fields": {"name": "Norwegian", "name_local": "norsk", "isocode": "No", "sorting": 0}}, {"model": "users.language", "pk": 59, "fields": {"name": "Ossetic", "name_local": "Ирон", "isocode": "Os", "sorting": 0}}, {"model": "users.language", "pk": 60, "fields": {"name": "Punjabi", "name_local": "Punjabi", "isocode": "Pa", "sorting": 0}}, {"model": "users.language", "pk": 61, "fields": {"name": "Polish", "name_local": "polski", "isocode": "Pl", "sorting": 0}}, {"model": "users.language", "pk": 62, "fields": {"name": "Portuguese", "name_local": "Português", "isocode": "Pt", "sorting": 0}}, {"model": "users.language", "pk": 63, "fields": {"name": "Romanian", "name_local": "Română", "isocode": "Ro", "sorting": 1}}, {"model": "users.language", "pk": 64, "fields": {"name": "Russian", "name_local": "Русский", "isocode": "Ru", "sorting": 1}}, {"model": "users.language", "pk": 65, "fields": {"name": "Slovak", "name_local": "Slovensky", "isocode": "Sk", "sorting": 0}}, {"model": "users.language", "pk": 66, "fields": {"name": "Slovenian", "name_local": "Slovenščina", "isocode": "Sl", "sorting": 0}}, {"model": "users.language", "pk": 67, "fields": {"name": "Albanian", "name_local": "shqip", "isocode": "Sq", "sorting": 0}}, {"model": "users.language", "pk": 68, "fields": {"name": "Serbian", "name_local": "српски", "isocode": "Sr", "sorting": 0}}, {"model": "users.language", "pk": 69, "fields": {"name": "Swedish", "name_local": "svenska", "isocode": "Sv", "sorting": 0}}, {"model": "users.language", "pk": 70, "fields": {"name": "Swahili", "name_local": "Kiswahili", "isocode": "Sw", "sorting": 0}}, {"model": "users.language", "pk": 71, "fields": {"name": "Tamil", "name_local": "தமிழ்", "isocode": "Ta", "sorting": 0}}, {"model": "users.language", "pk": 72, "fields": {"name": "Telugu", "name_local": "తెలుగు", "isocode": "Te", "sorting": 0}}, {"model": "users.language", "pk": 73, "fields": {"name": "Tajik", "name_local": "тоҷикӣ", "isocode": "Tg", "sorting": 0}}, {"model": "users.language", "pk": 74, "fields": {"name": "Thai", "name_local": "ภาษาไทย", "isocode": "Th", "sorting": 0}}, {"model": "users.language", "pk": 75, "fields": {"name": "Turkmen", "name_local": "Türkmençe", "isocode": "Tk", "sorting": 0}}, {"model": "users.language", "pk": 76, "fields": {"name": "Turkish", "name_local": "Türkçe", "isocode": "Tr", "sorting": 2}}, {"model": "users.language", "pk": 77, "fields": {"name": "Tatar", "name_local": "Татарча", "isocode": "Tt", "sorting": 0}}, {"model": "users.language", "pk": 78, "fields": {"name": "Ukrainian", "name_local": "Українська", "isocode": "Uk", "sorting": 0}}, {"model": "users.language", "pk": 79, "fields": {"name": "Urdu", "name_local": "اردو", "isocode": "Ur", "sorting": 0}}, {"model": "users.language", "pk": 80, "fields": {"name": "Uzbek", "name_local": "oʻzbek tili", "isocode": "Uz", "sorting": 0}}, {"model": "users.language", "pk": 81, "fields": {"name": "Vietnamese", "name_local": "Tiếng Việt", "isocode": "Vi", "sorting": 0}}, {"model": "users.usernativelanguage", "pk": 1, "fields": {"user": 9, "language": 2}}, {"model": "users.usernativelanguage", "pk": 2, "fields": {"user": 9, "language": 15}}, {"model": "users.usernativelanguage", "pk": 3, "fields": {"user": 3, "language": 15}}, {"model": "users.usernativelanguage", "pk": 4, "fields": {"user": 3, "language": 38}}, {"model": "users.usernativelanguage", "pk": 5, "fields": {"user": 1, "language": 34}}, {"model": "users.usernativelanguage", "pk": 6, "fields": {"user": 1, "language": 15}}, {"model": "users.usernativelanguage", "pk": 7, "fields": {"user": 2, "language": 76}}, {"model": "users.usernativelanguage", "pk": 8, "fields": {"user": 4, "language": 56}}, {"model": "users.usernativelanguage", "pk": 9, "fields": {"user": 4, "language": 15}}, {"model": "users.usernativelanguage", "pk": 10, "fields": {"user": 5, "language": 63}}, {"model": "users.usernativelanguage", "pk": 11, "fields": {"user": 6, "language": 37}}, {"model": "users.usernativelanguage", "pk": 12, "fields": {"user": 7, "language": 2}}, {"model": "users.usernativelanguage", "pk": 13, "fields": {"user": 8, "language": 15}}, {"model": "users.usernativelanguage", "pk": 14, "fields": {"user": 10, "language": 17}}, {"model": "users.usernativelanguage", "pk": 15, "fields": {"user": 11, "language": 15}}, {"model": "users.usernativelanguage", "pk": 16, "fields": {"user": 12, "language": 13}}, {"model": "users.usernativelanguage", "pk": 17, "fields": {"user": 12, "language": 15}}, {"model": "users.usernativelanguage", "pk": 18, "fields": {"user": 13, "language": 76}}, {"model": "users.usernativelanguage", "pk": 19, "fields": {"user": 14, "language": 13}}, {"model": "users.usernativelanguage", "pk": 20, "fields": {"user": 15, "language": 15}}, {"model": "users.usernativelanguage", "pk": 21, "fields": {"user": 16, "language": 15}}, {"model": "users.usernativelanguage", "pk": 22, "fields": {"user": 17, "language": 28}}, {"model": "users.usernativelanguage", "pk": 23, "fields": {"user": 18, "language": 74}}, {"model": "users.userforeignlanguage", "pk": 1, "fields": {"user": 9, "language": 64, "skill_level": "Amateur"}}, {"model": "users.userforeignlanguage", "pk": 2, "fields": {"user": 3, "language": 64, "skill_level": "Amateur"}}, {"model": "users.userforeignlanguage", "pk": 3, "fields": {"user": 1, "language": 64, "skill_level": "Amateur"}}, {"model": "users.userforeignlanguage", "pk": 4, "fields": {"user": 2, "language": 64, "skill_level": "Amateur"}}, {"model": "users.userforeignlanguage", "pk": 5, "fields": {"user": 4, "language": 64, "skill_level": "Amateur"}}, {"model": "users.userforeignlanguage", "pk": 6, "fields": {"user": 4, "language": 62, "skill_level": "Profi"}}, {"model": "users.userforeignlanguage", "pk": 7, "fields": {"user": 5, "language": 15, "skill_level": "Expert"}}, {"model": "users.userforeignlanguage", "pk": 8, "fields": {"user": 5, "language": 64, "skill_level": "Profi"}}, {"model": "users.userforeignlanguage", "pk": 9, "fields": {"user": 6, "language": 15, "skill_level": "Guru"}}, {"model": "users.userforeignlanguage", "pk": 10, "fields": {"user": 6, "language": 64, "skill_level": "Amateur"}}, {"model": "users.userforeignlanguage", "pk": 11, "fields": {"user": 6, "language": 17, "skill_level": "Profi"}}, {"model": "users.userforeignlanguage", "pk": 12, "fields": {"user": 7, "language": 15, "skill_level": "Profi"}}, {"model": "users.userforeignlanguage", "pk": 13, "fields": {"user": 7, "language": 64, "skill_level": "Amateur"}}, {"model": "users.userforeignlanguage", "pk": 14, "fields": {"user": 8, "language": 64, "skill_level": "Amateur"}}, {"model": "users.userforeignlanguage", "pk": 15, "fields": {"user": 8, "language": 38, "skill_level": "Profi"}}, {"model": "users.userforeignlanguage", "pk": 16, "fields": {"user": 10, "language": 15, "skill_level": "Expert"}}, {"model": "users.userforeignlanguage", "pk": 17, "fields": {"user": 10, "language": 64, "skill_level": "Amateur"}}, {"model": "users.userforeignlanguage", "pk": 18, "fields": {"user": 11, "language": 64, "skill_level": "Newbie"}}, {"model": "users.userforeignlanguage", "pk": 19, "fields": {"user": 12, "language": 64, "skill_level": "Newbie"}}, {"model": "users.userforeignlanguage", "pk": 20, "fields": {"user": 13, "language": 15, "skill_level": "Profi"}}, {"model": "users.userforeignlanguage", "pk": 21, "fields": {"user": 13, "language": 64, "skill_level": "Amateur"}}, {"model": "users.userforeignlanguage", "pk": 22, "fields": {"user": 14, "language": 15, "skill_level": "Guru"}}, {"model": "users.userforeignlanguage", "pk": 23, "fields": {"user": 14, "language": 64, "skill_level": "Amateur"}}, {"model": "users.userforeignlanguage", "pk": 24, "fields": {"user": 15, "language": 64, "skill_level": "Amateur"}}, {"model": "users.userforeignlanguage", "pk": 25, "fields": {"user": 16, "language": 38, "skill_level": "Profi"}}, {"model": "users.userforeignlanguage", "pk": 26, "fields": {"user": 16, "language": 64, "skill_level": "Newbie"}}, {"model": "users.userforeignlanguage", "pk": 27, "fields": {"user": 17, "language": 15, "skill_level": "Profi"}}, {"model": "users.userforeignlanguage", "pk": 28, "fields": {"user": 17, "language": 64, "skill_level": "Newbie"}}, {"model": "users.userforeignlanguage", "pk": 29, "fields": {"user": 18, "language": 15, "skill_level": "Profi"}}, {"model": "users.userforeignlanguage", "pk": 30, "fields": {"user": 18, "language": 64, "skill_level": "Expert"}}]